o Mesh
v -0.16813573241233826 -0.3469102382659912 -0.5662572979927063
v -0.1683880239725113 -0.3600907325744629 -0.5652921199798584
v -0.20546570420265198 -0.35640430450439453 -0.5523806810379028
v -0.1432148516178131 -0.350055456161499 -0.5740756392478943
v -0.16309185326099396 -0.382021427154541 -0.5643471479415894
v -0.13729749619960785 -0.3635106086730957 -0.5755065083503723
v -0.1786605715751648 -0.34049344062805176 -0.5620349049568176
v -0.20589499175548553 -0.37793755531311035 -0.5491196513175964
v -0.15945403277873993 -0.4139895439147949 -0.5573645830154419
v -0.21729367971420288 -0.40668272972106934 -0.5351917147636414
v -0.2186497002840042 -0.3377878665924072 -0.5475979447364807
v -0.1600082665681839 -0.32805681228637695 -0.5692524909973145
v -0.1786605715751648 -0.34049344062805176 -0.5620349049568176
v -0.16213436424732208 -0.3281123638153076 -0.568500816822052
v -0.15513302385807037 -0.32794642448425293 -0.5708259344100952
v -0.16813573241233826 -0.3469102382659912 -0.5662572979927063
v -0.1432148516178131 -0.350055456161499 -0.5740756392478943
v -0.18401028215885162 -0.3285696506500244 -0.5599267482757568
v -0.18401028215885162 -0.3285696506500244 -0.5599267482757568
v -0.12226148694753647 -0.38549065589904785 -0.5761088132858276
v -0.09934826195240021 -0.36452627182006836 -0.5855700969696045
v -0.11463959515094757 -0.3509516716003418 -0.5827357172966003
v -0.10081702470779419 -0.4210989475250244 -0.5725120902061462
v -0.11765525490045547 -0.4458954334259033 -0.5584374070167542
v -0.13427656888961792 -0.3278477191925049 -0.5772399306297302
v -0.11463959515094757 -0.3509516716003418 -0.5827357172966003
v -0.1065777838230133 -0.3278477191925049 -0.5853400826454163
v -0.13427656888961792 -0.3278477191925049 -0.5772399306297302
v -0.10930375754833221 -0.3271632194519043 -0.5659923553466797
v -0.1065777838230133 -0.3278477191925049 -0.5853400826454163
v -0.10930375754833221 -0.3271617889404297 -0.5659919381141663
v -0.13427656888961792 -0.3278481960296631 -0.5772395133972168
v -0.1065777838230133 -0.3278481960296631 -0.5853396058082581
v -0.13659285008907318 -0.39923739433288574 -0.5299786329269409
v -0.10930375754833221 -0.3271632194519043 -0.5659923553466797
v -0.13521182537078857 -0.3262979984283447 -0.5580317974090576
v -0.19281767308712006 -0.439105749130249 -0.536299467086792
v -0.26634207367897034 -0.3925478458404541 -0.5129812359809875
v -0.271274209022522 -0.4292430877685547 -0.5030894875526428
v -0.20375895500183105 -0.4759218692779541 -0.5075854659080505
v -0.2606593668460846 -0.3535158634185791 -0.5264314413070679
v -0.2798880636692047 -0.3234684467315674 -0.5206741690635681
v -0.3093491494655609 -0.3543531894683838 -0.5015897750854492
v -0.33521437644958496 -0.31401920318603516 -0.4933834671974182
v -0.1966349184513092 -0.3922710418701172 -0.5088498592376709
v -0.16258983314037323 -0.32518696784973145 -0.5485108494758606
v -0.20772434771060944 -0.36764001846313477 -0.5057311654090881
v -0.12213879823684692 -0.4793586730957031 -0.5346554517745972
v -0.1235349029302597 -0.3775043487548828 -0.49485552310943604
v -0.10426998138427734 -0.40209364891052246 -0.5385223627090454
v -0.15516681969165802 -0.3759291172027588 -0.4879953861236572
v -0.17051324248313904 -0.3958420753479004 -0.5194659233093262
v -0.1801396757364273 -0.3746986389160156 -0.4825654625892639
v -0.1966349184513092 -0.3922710418701172 -0.5088498592376709
v -0.12914323806762695 -0.5261075496673584 -0.489806592464447
v -0.15766015648841858 -0.3251636028289795 -0.5505523681640625
v -0.15766015648841858 -0.3251636028289795 -0.5505523681640625
v -0.16533386707305908 -0.3250467777252197 -0.54734206199646
v -0.15513302385807037 -0.32794642448425293 -0.5708259344100952
v -0.13521182537078857 -0.3262979984283447 -0.5580317974090576
v -0.18401028215885162 -0.3285696506500244 -0.5599267482757568
v -0.17953117191791534 -0.31497669219970703 -0.5611156225204468
v -0.1600082665681839 -0.32805681228637695 -0.5692523121833801
v -0.16213436424732208 -0.3281123638153076 -0.568500816822052
v -0.16258983314037323 -0.32518696784973145 -0.5485108494758606
v -0.1600082665681839 -0.32805681228637695 -0.5692524909973145
v -0.16258983314037323 -0.32518696784973145 -0.5485106706619263
v -0.1600082665681839 -0.32805681228637695 -0.5692523121833801
v -0.15766015648841858 -0.3251636028289795 -0.5505523681640625
v -0.15766015648841858 -0.3251636028289795 -0.5505521893501282
v -0.16922129690647125 -0.3073093891143799 -0.5656631588935852
v -0.15513302385807037 -0.32794642448425293 -0.5708256959915161
v -0.16922129690647125 -0.3073093891143799 -0.5656631588935852
v -0.19547569751739502 -0.24555206298828125 -0.5573644638061523
v -0.14477525651454926 -0.30222344398498535 -0.5735769271850586
v -0.15931381285190582 -0.23719406127929688 -0.5707663297653198
v -0.2022663801908493 -0.16130971908569336 -0.5609753131866455
v -0.21376532316207886 -0.26859354972839355 -0.5491575002670288
v -0.17953117191791534 -0.31497669219970703 -0.5611156225204468
v -0.22009225189685822 -0.2902050018310547 -0.5457726716995239
v -0.13521185517311096 -0.3262975215911865 -0.5580314993858337
v -0.15513302385807037 -0.32794642448425293 -0.5708256959915161
v -0.14477525651454926 -0.30222344398498535 -0.5735769271850586
v -0.13427656888961792 -0.3278481960296631 -0.5772395133972168
v -0.1381918340921402 -0.15577149391174316 -0.5818273425102234
v -0.11356525868177414 -0.23467636108398438 -0.5855342149734497
v -0.11567117273807526 -0.30066394805908203 -0.5826540589332581
v -0.11567117273807526 -0.30066394805908203 -0.5826540589332581
v -0.1065777838230133 -0.3278481960296631 -0.5853396058082581
v -0.22646044194698334 -0.31557559967041016 -0.5440388321876526
v -0.29560673236846924 -0.280475378036499 -0.5149627327919006
v -0.289568156003952 -0.2511160373687744 -0.5209695100784302
v -0.2709137201309204 -0.2048029899597168 -0.5319315791130066
v -0.2443125993013382 -0.1780383586883545 -0.5428785681724548
v -0.3453735411167145 -0.2742931842803955 -0.4888424873352051
v -0.3389468491077423 -0.22539734840393066 -0.49616265296936035
v -0.15766015648841858 -0.3251636028289795 -0.5505521893501282
v -0.20803512632846832 -0.23186635971069336 -0.5123931765556335
v -0.16258983314037323 -0.32518696784973145 -0.5485106706619263
v -0.16533386707305908 -0.3250467777252197 -0.54734206199646
v -0.16213436424732208 -0.3281123638153076 -0.568500816822052
v -0.16258983314037323 -0.32518696784973145 -0.5485106706619263
v -0.16533386707305908 -0.3250467777252197 -0.54734206199646
v -0.21883858740329742 -0.2890186309814453 -0.5077517628669739
v -0.13837379217147827 -0.18250370025634766 -0.5381240844726562
v -0.13521185517311096 -0.3262975215911865 -0.5580314993858337
v -0.10930375754833221 -0.3271617889404297 -0.5659919381141663
v -0.17190788686275482 -0.18275952339172363 -0.5277252197265625
v -0.1025027260184288 -0.18219542503356934 -0.5469498634338379
v -0.19716928899288177 -0.18389606475830078 -0.5166847109794617
v -0.1801396757364273 -0.20543885231018066 -0.489767462015152
v -0.1235349178314209 -0.28958582878112793 -0.49781689047813416
v -0.1235349178314209 -0.2077927589416504 -0.502081036567688
v -0.0922120213508606 -0.20898962020874023 -0.5073624849319458
v -0.07835564017295837 -0.38448286056518555 -0.586434006690979
v -0.06549608707427979 -0.36533665657043457 -0.5920613408088684
v -0.035244837403297424 -0.38643336296081543 -0.5927239060401917
v -0.04324866086244583 -0.4240083694458008 -0.5824509263038635
v -0.04941106215119362 -0.44626832008361816 -0.5690683722496033
v -0.07906388491392136 -0.3278477191925049 -0.5918141603469849
v -0.05751226469874382 -0.3511984348297119 -0.5949472188949585
v -0.08533819764852524 -0.3511962890625 -0.5898646116256714
v -0.08533819764852524 -0.3511962890625 -0.5898646116256714
v -0.05751226469874382 -0.3511984348297119 -0.5949472188949585
v -0.031375154852867126 -0.361950159072876 -0.5967226624488831
v -0.05400030314922333 -0.3278477191925049 -0.5960759520530701
v -0.028601733967661858 -0.35123419761657715 -0.5979424715042114
v -0.0000034570705338410335 -0.38567471504211426 -0.5941721796989441
v -0.0000034570700790936826 -0.42444825172424316 -0.5842998623847961
v -0.000003457069169598981 -0.4461498260498047 -0.5703834295272827
v -0.0000034570693969726562 -0.36230921745300293 -0.5979024767875671
v -0.028601733967661858 -0.35123419761657715 -0.5979424715042114
v -0.027448441833257675 -0.3278477191925049 -0.5985074639320374
v -0.0000034570693969726562 -0.35134339332580566 -0.5994011759757996
v -0.0000034570693969726562 -0.35134339332580566 -0.5994011759757996
v -0.04180608317255974 -0.403717041015625 -0.5447406768798828
v -0.030830668285489082 -0.32849621772766113 -0.578153133392334
v -0.05864497274160385 -0.32822227478027344 -0.5756435990333557
v -0.0000034570693969726562 -0.40381956100463867 -0.545127809047699
v -0.0000034570693969726562 -0.328563928604126 -0.5785697102546692
v -0.08419977128505707 -0.32782745361328125 -0.5721296668052673
v -0.07260534167289734 -0.403414249420166 -0.5435975193977356
v -0.05394306406378746 -0.4795207977294922 -0.5471574664115906
v -0.06374281644821167 -0.37957191467285156 -0.5040706396102905
v -0.056956999003887177 -0.5268235206604004 -0.503820538520813
v -0.09221203625202179 -0.37870097160339355 -0.5001369118690491
v -0.06374280154705048 -0.3630962371826172 -0.5027673244476318
v -0.06374279409646988 -0.29166722297668457 -0.5070313215255737
v -0.0922120213508606 -0.3622171878814697 -0.4988340139389038
v -0.036534883081912994 -0.3636326789855957 -0.5051342844963074
v -0.0000034570693969726562 -0.47800493240356445 -0.5491534471511841
v 0.0001408201060257852 -0.5262496471405029 -0.5081305503845215
v -0.03653489053249359 -0.3801083564758301 -0.5064376592636108
v -0.000008283868737635203 -0.3802330493927002 -0.5069876313209534
v -0.000008283868737635203 -0.3637571334838867 -0.5056842565536499
v 0.00006612714059883729 -0.2923283576965332 -0.5099483132362366
v -0.036534883081912994 -0.2922036647796631 -0.509398341178894
v -0.0000034570693969726562 -0.3278477191925049 -0.6000953912734985
v -0.08497641235589981 -0.3001718521118164 -0.590656578540802
v -0.07906388491392136 -0.3278486728668213 -0.5918136835098267
v -0.05696718022227287 -0.3001570701599121 -0.5956788063049316
v -0.05400030314922333 -0.3278486728668213 -0.5960754156112671
v -0.05400030314922333 -0.3278477191925049 -0.5960759520530701
v -0.07906388491392136 -0.3278477191925049 -0.5918141603469849
v -0.05864497274160385 -0.32822227478027344 -0.5756435990333557
v -0.05864497274160385 -0.3282175064086914 -0.5756435394287109
v -0.07906388491392136 -0.3278486728668213 -0.5918136835098267
v -0.05400030314922333 -0.3278486728668213 -0.5960754156112671
v -0.08497641235589981 -0.3001718521118164 -0.590656578540802
v -0.07166753709316254 -0.2344663143157959 -0.5939230918884277
v -0.05696718022227287 -0.3001570701599121 -0.5956788063049316
v -0.033431526273489 -0.23433423042297363 -0.5984999537467957
v -0.08145133405923843 -0.15412688255310059 -0.5928413271903992
v -0.03779878094792366 -0.15343427658081055 -0.5983161926269531
v -0.0000034570693969726562 -0.3001124858856201 -0.6000791192054749
v -0.0000034570693969726562 -0.3278486728668213 -0.6000949740409851
v -0.027448441833257675 -0.3278486728668213 -0.5985069870948792
v -0.027448441833257675 -0.3278477191925049 -0.5985074639320374
v -0.0000034570693969726562 -0.328563928604126 -0.5785697102546692
v -0.0000034570693969726562 -0.3278477191925049 -0.6000953912734985
v -0.0000034570693969726562 -0.32854700088500977 -0.5785630941390991
v -0.027448441833257675 -0.3278486728668213 -0.5985069870948792
v -0.0000034570693969726562 -0.3278486728668213 -0.6000949740409851
v -0.030830668285489082 -0.32849621772766113 -0.578153133392334
v -0.030830658972263336 -0.32849693298339844 -0.5781525373458862
v -0.028421107679605484 -0.3000645637512207 -0.5985057353973389
v -0.0000034570716707094107 -0.15334439277648926 -0.6001272201538086
v -0.0000034570693969726562 -0.23467326164245605 -0.6000089645385742
v -0.028421107679605484 -0.3000645637512207 -0.5985057353973389
v -0.0000034570693969726562 -0.3001124858856201 -0.6000791192054749
v -0.08419977128505707 -0.32782745361328125 -0.5721296668052673
v -0.08419977128505707 -0.32782745361328125 -0.5721291899681091
v -0.0922120213508606 -0.2907826900482178 -0.5030983090400696
v -0.08419977128505707 -0.32782745361328125 -0.5721291899681091
v -0.07040175795555115 -0.1835474967956543 -0.552053689956665
v -0.05864497274160385 -0.3282175064086914 -0.5756435394287109
v -0.06374278664588928 -0.20988082885742188 -0.5112951397895813
v -0.0000034570693969726562 -0.18406057357788086 -0.5539906024932861
v -0.030830658972263336 -0.32849693298339844 -0.5781525373458862
v -0.0000034570693969726562 -0.32854700088500977 -0.5785630941390991
v -0.034844573587179184 -0.18390297889709473 -0.5534029603004456
v -0.000008283868737635203 -0.2105417251586914 -0.5142121315002441
v -0.0365348756313324 -0.2104170322418213 -0.5136621594429016
v -0.4087754487991333 -0.5135986804962158 -0.3068447709083557
v -0.51188063621521 -0.46250104904174805 -0.20541782677173615
v -0.43816041946411133 -0.46286582946777344 -0.3343537747859955
v -0.33973050117492676 -0.5166106224060059 -0.37925463914871216
v -0.4087754487991333 -0.5135986804962158 -0.3068447709083557
v -0.43816041946411133 -0.46286582946777344 -0.3343537747859955
v -0.36210936307907104 -0.46752476692199707 -0.41442665457725525
v -0.47470736503601074 -0.513512134552002 -0.1915668100118637
v -0.5119216442108154 -0.513512134552002 -0.05007381737232208
v -0.551520586013794 -0.46250104904174805 -0.05265681445598602
v -0.38281047344207764 -0.5766842365264893 -0.16071580350399017
v -0.41612744331359863 -0.5766842365264893 -0.04244081676006317
v -0.533954381942749 -0.4164590835571289 -0.21478278934955597
v -0.4544355273246765 -0.4170565605163574 -0.35297372937202454
v -0.4544355273246765 -0.4170565605163574 -0.35297372937202454
v -0.3645533323287964 -0.4237074851989746 -0.444855660200119
v -0.575270414352417 -0.4164590835571289 -0.05406780540943146
v -0.3306005001068115 -0.5766842365264893 -0.2507067918777466
v -0.24780750274658203 -0.5919523239135742 -0.24231679737567902
v -0.27883946895599365 -0.5904852151870728 -0.21673579514026642
v -0.278240442276001 -0.5773849487304688 -0.30720579624176025
v -0.33973050117492676 -0.5166106224060059 -0.37925463914871216
v -0.23406851291656494 -0.579045295715332 -0.3420637845993042
v -0.326107382774353 -0.5956772565841675 -0.03662881255149841
v -0.3051244020462036 -0.5945212841033936 -0.13561882078647614
v -0.28712061047554016 -0.47213268280029297 -0.4680935740470886
v -0.27596843242645264 -0.5204699039459229 -0.42619961500167847
v -0.4933655261993408 -0.513512134552002 0.14529119431972504
v -0.4000145196914673 -0.5766842365264893 0.11962719261646271
v -0.5310332775115967 -0.46250104904174805 0.15695719420909882
v -0.4283064603805542 -0.513512134552002 0.2854852080345154
v -0.4611022472381592 -0.46250104904174805 0.30650120973587036
v -0.5534884929656982 -0.4164590835571289 0.16455018520355225
v -0.47972750663757324 -0.4164590835571289 0.32135218381881714
v -0.3214033842086792 -0.46250104904174805 0.4538871645927429
v -0.34930241107940674 -0.5766842365264893 0.23596219718456268
v -0.31605851650238037 -0.5952292680740356 0.0975881889462471
v -0.2653135061264038 -0.6013243198394775 -0.0328088104724884
v -0.31605851650238037 -0.5952292680740356 0.0975881889462471
v -0.326107382774353 -0.5956772565841675 -0.03662881255149841
v -0.3051244020462036 -0.5945212841033936 -0.13561882078647614
v -0.25750839710235596 -0.6013243198394775 0.08956819027662277
v -0.2800794839859009 -0.5939903259277344 0.18842218816280365
v -0.2800794839859009 -0.5939903259277344 0.18842218816280365
v -0.22549140453338623 -0.5940372943878174 0.25047820806503296
v -0.29389142990112305 -0.513512134552002 0.42171621322631836
v -0.24199247360229492 -0.5766842365264893 0.34201616048812866
v -0.33275043964385986 -0.4164590835571289 0.47235918045043945
v -0.4007382392883301 -0.3672823905944824 -0.437923789024353
v -0.4784961938858032 -0.31401729583740234 -0.3591877818107605
v -0.5511763095855713 -0.35904645919799805 -0.2217298299074173
v -0.5547372102737427 -0.30402421951293945 -0.22388680279254913
v -0.4741922616958618 -0.36051130294799805 -0.3581368625164032
v -0.5976784229278564 -0.3026313781738281 -0.056059807538986206
v -0.5934417247772217 -0.3574991226196289 -0.05598081648349762
v -0.48002636432647705 -0.25422120094299316 -0.3585037887096405
v -0.5552884340286255 -0.24464130401611328 -0.224284827709198
v -0.4807811975479126 -0.18445611000061035 -0.3576048016548157
v -0.4040371775627136 -0.26972246170043945 -0.441575825214386
v -0.4784961938858032 -0.31401729583740234 -0.3591877818107605
v -0.48002636432647705 -0.25422120094299316 -0.3585037887096405
v -0.40039122104644775 -0.19855952262878418 -0.4446367621421814
v -0.4807811975479126 -0.18445611000061035 -0.3576048016548157
v -0.5980336666107178 -0.17507219314575195 -0.05622081458568573
v -0.598069429397583 -0.24448728561401367 -0.05601881444454193
v -0.40434515476226807 -0.32032346725463867 -0.43997782468795776
v -0.4741922616958618 -0.36051130294799805 -0.3581368625164032
v -0.5711643695831299 -0.36010122299194336 0.1669601947069168
v -0.49585938453674316 -0.3595433235168457 0.32909417152404785
v -0.5756266117095947 -0.30401134490966797 0.16895519196987152
v -0.5753285884857178 -0.24491643905639648 0.17167818546295166
v -0.499652624130249 -0.30400609970092773 0.33231818675994873
v -0.49846434593200684 -0.2448272705078125 0.3356741666793823
v -0.5747005939483643 -0.17493915557861328 0.17340518534183502
v -0.3452354669570923 -0.3603372573852539 0.48562121391296387
v -0.17542147636413574 -0.3047151565551758 0.5738831758499146
v -0.3481024503707886 -0.30470943450927734 0.489959180355072
v -0.17397141456604004 -0.36112403869628906 0.568598210811615
v -0.34615838527679443 -0.24474430084228516 0.4926221966743469
v -0.4976165294647217 -0.17495203018188477 0.3371421694755554
v -0.17479443550109863 -0.24512815475463867 0.5749542117118835
v -0.3446115255355835 -0.1749401092529297 0.4938601851463318
v -0.27596843242645264 -0.5204699039459229 -0.42619961500167847
v -0.17888939380645752 -0.5932457447052002 -0.29324978590011597
v -0.13400042057037354 -0.6013243198394775 -0.1977418214082718
v -0.21822941303253174 -0.5919498205184937 -0.2695057988166809
v -0.17932140827178955 -0.581188440322876 -0.36985480785369873
v -0.12938344478607178 -0.5961567163467407 -0.3042948246002197
v -0.17888939380645752 -0.5932457447052002 -0.29324978590011597
v -0.10258340835571289 -0.6014478206634521 -0.2595807909965515
v -0.24780750274658203 -0.5919523239135742 -0.24231679737567902
v -0.2376464605331421 -0.6013243198394775 -0.12308080494403839
v -0.27883946895599365 -0.5904852151870728 -0.21673579514026642
v -0.21822941303253174 -0.5919498205184937 -0.2695057988166809
v -0.20634612441062927 -0.5239274501800537 -0.4629395604133606
v -0.11763441562652588 -0.5829113721847534 -0.39293479919433594
v -0.12938344478607178 -0.5961567163467407 -0.3042948246002197
v -0.07375442981719971 -0.5978682041168213 -0.315038800239563
v -0.05570840835571289 -0.5837044715881348 -0.4074757695198059
v -0.0000025033950805664062 -0.5977537631988525 -0.3231768012046814
v -0.07375442981719971 -0.5978682041168213 -0.315038800239563
v -0.000013470649719238281 -0.6014719009399414 -0.2723488211631775
v -0.0000025033950805664062 -0.5977537631988525 -0.3231768012046814
v -0.000008463859558105469 -0.6013243198394775 -0.2150508314371109
v -0.12914323806762695 -0.5261075496673584 -0.489806592464447
v -0.056956999003887177 -0.5268235206604004 -0.503820538520813
v 0.000008583069757150952 -0.5833864212036133 -0.4137597680091858
v 0.0001408201060257852 -0.5262496471405029 -0.5081305503845215
v -0.13385450839996338 -0.6013243198394775 -0.033371806144714355
v -0.1352384090423584 -0.6013243198394775 0.09349218755960464
v -0.22704648971557617 -0.6013243198394775 0.1815911829471588
v -0.22549140453338623 -0.5940372943878174 0.25047820806503296
v -0.13511145114898682 -0.6013243198394775 0.22052718698978424
v -0.13165044784545898 -0.596461296081543 0.29785817861557007
v -0.11366546899080276 -0.5766842365264893 0.4039071798324585
v -0.14317941665649414 -0.513512134552002 0.4924851655960083
v -0.0000064373016357421875 -0.6013243198394775 -0.03820081055164337
v -0.0000064373016357421875 -0.6013243198394775 0.10217519849538803
v -0.0000064373016357421875 -0.6013243198394775 0.23539218306541443
v -0.13165044784545898 -0.596461296081543 0.29785817861557007
v -0.000008463859558105469 -0.5975582599639893 0.3194692134857178
v -0.000008463859558105469 -0.5975582599639893 0.3194692134857178
v -0.00001239776611328125 -0.513512134552002 0.5131441950798035
v -0.000013470649719238281 -0.5766842365264893 0.42045021057128906
v -0.1801396757364273 -0.3746986389160156 -0.4825654625892639
v -0.19015496969223022 -0.35947275161743164 -0.4788876175880432
v -0.2001417726278305 -0.29823994636535645 -0.4804794192314148
v -0.20634612441062927 -0.5239274501800537 -0.4629395604133606
v -0.19015496969223022 -0.2584683895111084 -0.4846935272216797
v -0.1801396757364273 -0.28711724281311035 -0.4855092763900757
v -0.15366455912590027 -0.2075033187866211 -0.49521785974502563
v -0.19015496969223022 -0.2584683895111084 -0.4846935272216797
v -0.1801396757364273 -0.35843825340270996 -0.4812508821487427
v -0.15366455912590027 -0.28928470611572266 -0.49095433950424194
v -0.15516681969165802 -0.3594696521759033 -0.4866912066936493
v -0.1235349178314209 -0.3610203266143799 -0.493552565574646
v -0.2001417726278305 -0.29823994636535645 -0.4804794192314148
v -0.15795743465423584 -0.46250104904174805 0.5334421992301941
v -0.16496050357818604 -0.4164590835571289 0.55385422706604
v -0.19015496969223022 -0.35947275161743164 -0.4788876175880432
v -0.0000064373016357421875 -0.46250104904174805 0.5561051964759827
v -0.000004410743713378906 -0.4164590835571289 0.577174186706543
v -0.0000034570693969726562 -0.36017417907714844 0.594021201133728
v -0.0000034570693969726562 -0.30404043197631836 0.5994701981544495
v -0.0000034570693969726562 -0.24500417709350586 0.6001272201538086
v -0.1740964651107788 -0.1759171485900879 0.5752081871032715
v -0.5550915002822876 -0.17506647109985352 -0.22482682764530182
v -0.2436453253030777 -0.05991554260253906 -0.5474786758422852
v -0.16537439823150635 0.014788627624511719 -0.5760146975517273
v -0.15977743268013 -0.06030988693237305 -0.5780545473098755
v -0.24450147151947021 0.1187138557434082 -0.5471668243408203
v -0.1644754409790039 0.1187138557434082 -0.5763428211212158
v -0.24676239490509033 0.015536308288574219 -0.5463416576385498
v -0.09791040420532227 0.1187138557434082 -0.5897487998008728
v -0.1490934044122696 0.22103548049926758 -0.5838693380355835
v -0.14207839965820312 0.19161248207092285 -0.5811813473701477
v -0.15031640231609344 0.2209324836730957 -0.5797253251075745
v -0.14161740243434906 0.1916484832763672 -0.5851823091506958
v -0.1397584080696106 0.2211904525756836 -0.5855823159217834
v -0.15223141014575958 0.2525804042816162 -0.5793513059616089
v -0.23797941207885742 0.23051881790161133 -0.548524796962738
v -0.16036009788513184 0.23053312301635742 -0.5781216621398926
v -0.12478641420602798 0.1687004566192627 -0.5883303284645081
v -0.13200142979621887 0.17422151565551758 -0.5830663442611694
v -0.1325274109840393 0.17428040504455566 -0.586909294128418
v -0.12688343226909637 0.1742854118347168 -0.5879453420639038
v -0.11390642821788788 0.17428350448608398 -0.5903263092041016
v -0.1232714131474495 0.1676645278930664 -0.584635317325592
v -0.09705543518066406 0.014304399490356445 -0.5898987054824829
v -0.08989846706390381 -0.060133934020996094 -0.5911615490913391
v -0.13423243165016174 0.19165539741516113 -0.5865383148193359
v -0.11391343176364899 0.22128653526306152 -0.5903252959251404
v -0.11390842497348785 0.19166231155395508 -0.5903263092041016
v -0.3170262575149536 -0.14308595657348633 -0.5092366933822632
v -0.3905673027038574 -0.1243438720703125 -0.4528847932815552
v -0.3101554214954376 -0.059796810150146484 -0.5112996697425842
v -0.38260746002197266 0.015950679779052734 -0.45956677198410034
v -0.38294440507888794 -0.0609283447265625 -0.45928478240966797
v -0.3094984292984009 0.015950679779052734 -0.5116788148880005
v -0.38065648078918457 0.23051881790161133 -0.4612048268318176
v -0.312036395072937 0.1187138557434082 -0.5102137923240662
v -0.38208138942718506 0.1187138557434082 -0.46000975370407104
v -0.3122924566268921 0.23051881790161133 -0.5100618004798889
v -0.47609734535217285 0.1187138557434082 -0.3631817698478699
v -0.4732344150543213 0.23051881790161133 -0.36659079790115356
v -0.14134441316127777 0.25281333923339844 -0.58529132604599
v -0.1513594090938568 0.2526893615722656 -0.5834833383560181
v -0.1490844190120697 0.284374475479126 -0.5838714241981506
v -0.1397584229707718 0.28444743156433105 -0.585582435131073
v -0.14985540509223938 0.2842724323272705 -0.5797894597053528
v -0.14366042613983154 0.3116743564605713 -0.5808004140853882
v -0.14229042828083038 0.3116915225982666 -0.5850174427032471
v -0.13488543033599854 0.31171536445617676 -0.586376428604126
v -0.13138243556022644 0.3312394618988037 -0.5831124186515808
v -0.16417557001113892 0.38102054595947266 -0.5692751407623291
v -0.1031322106719017 0.38098907470703125 -0.5815885066986084
v -0.1629837155342102 0.35158300399780273 -0.5770729780197144
v -0.10283192247152328 0.35154056549072266 -0.5887510776519775
v -0.13045844435691833 0.3312404155731201 -0.5872894525527954
v -0.1139124408364296 0.28449153900146484 -0.5903254151344299
v -0.11391343176364899 0.25289154052734375 -0.5903252959251404
v -0.10125815868377686 0.23053312301635742 -0.5895916819572449
v -0.11390844732522964 0.3117213249206543 -0.5903264284133911
v -0.12582944333553314 0.3312344551086426 -0.5881384611129761
v -0.12389644980430603 0.3356153964996338 -0.5884674191474915
v -0.12248644977807999 0.33789753913879395 -0.5847244262695312
v -0.10401046276092529 0.4169754981994629 -0.5650658011436462
v -0.37325218319892883 0.3565490245819092 -0.4520672559738159
v -0.30613046884536743 0.3565490245819092 -0.5008124113082886
v -0.23696286976337433 0.3565490245819092 -0.5367577075958252
v -0.3642234802246094 0.4169754981994629 -0.44309383630752563
v -0.29798150062561035 0.4169754981994629 -0.4916737675666809
v -0.25443148612976074 0.5141057968139648 -0.43851977586746216
v -0.23400545120239258 0.4169754981994629 -0.5265517830848694
v -0.20208752155303955 0.5141057968139648 -0.46522778272628784
v -0.3108783960342407 0.5141057968139648 -0.39652878046035767
v -0.21167640388011932 0.35134410858154297 -0.5581961870193481
v -0.20207838714122772 0.3792128562927246 -0.5527124404907227
v -0.16766047477722168 0.4169754981994629 -0.5508947968482971
v -0.14630341529846191 0.5141057968139648 -0.48618078231811523
v -0.20208752155303955 0.5141057968139648 -0.46522778272628784
v -0.12814545631408691 0.5778656005859375 -0.3873327970504761
v -0.14630341529846191 0.5141057968139648 -0.48618078231811523
v -0.09531444311141968 0.17434144020080566 -0.5936723351478577
v -0.093379445374012 0.19166851043701172 -0.5940462946891785
v -0.08604145795106888 0.1916964054107666 -0.5953063368797302
v -0.08313845843076706 0.1916823387145996 -0.5918983221054077
v -0.04227745532989502 -0.06016182899475098 -0.5977725386619568
v -0.10092943906784058 0.17429041862487793 -0.5927073359489441
v -0.10303642600774765 0.16871237754821777 -0.5922993421554565
v -0.047649502754211426 0.1187138557434082 -0.5977727770805359
v -0.04613649845123291 0.014089822769165039 -0.5977726578712463
v -0.0746394619345665 0.22095751762390137 -0.5935043096542358
v -0.08758145570755005 0.22119545936584473 -0.5951563119888306
v -0.07829846441745758 0.22105741500854492 -0.5967593193054199
v -0.08599746227264404 0.25281333923339844 -0.5954483151435852
v -0.07604846358299255 0.2526874542236328 -0.5971943140029907
v -0.048545002937316895 0.23053598403930664 -0.5978639125823975
v -0.0000034570716707094107 -0.0600132942199707 -0.6000955700874329
v -0.0000034570693969726562 0.01406717300415039 -0.6000956892967224
v -0.0000034570693969726562 0.1187138557434082 -0.600095808506012
v -0.0000034570693969726562 0.23051881790161133 -0.5989007949829102
v -0.11390642821788788 0.167588472366333 -0.5903263092041016
v -0.11265343427658081 0.16650652885437012 -0.5865583419799805
v -0.10205643624067307 0.16771531105041504 -0.5884733200073242
v -0.09338444471359253 0.17431235313415527 -0.5900643467903137
v -0.07264146953821182 0.25250244140625 -0.5940133333206177
v -0.08758346736431122 0.28444337844848633 -0.5951563119888306
v -0.08612346649169922 0.31163930892944336 -0.595337450504303
v -0.09347246587276459 0.3117043972015381 -0.5940994620323181
v -0.04933997243642807 0.35154056549072266 -0.5970580577850342
v -0.09396946430206299 0.3311014175415039 -0.5904664397239685
v -0.08223146200180054 0.31154751777648926 -0.5924514532089233
v -0.09739746153354645 0.3311583995819092 -0.5932444334030151
v -0.10198445618152618 0.3312263488769531 -0.5925144553184509
v -0.10394346714019775 0.3355743885040283 -0.5920644402503967
v -0.11390644311904907 0.3312363624572754 -0.5903264284133911
v -0.07831646502017975 0.2843494415283203 -0.5967442989349365
v -0.07472848147153854 0.2841525077819824 -0.5936813354492188
v -0.049246031790971756 0.38098907470703125 -0.5900105237960815
v -0.0000034570693969726562 0.35241222381591797 -0.5991002917289734
v -0.0000034570693969726562 0.38190460205078125 -0.5919734835624695
v -0.11391244828701019 0.33655738830566406 -0.5902724266052246
v -0.10284645110368729 0.3377854824066162 -0.588068425655365
v -0.11268144845962524 0.33924436569213867 -0.5864244103431702
v -0.09140348434448242 0.5141057968139648 -0.49914276599884033
v -0.08420348167419434 0.5778656005859375 -0.4014107584953308
v -0.09140348434448242 0.5141057968139648 -0.49914276599884033
v -0.04897141456604004 0.4169754981994629 -0.5738238096237183
v -0.0000034570693969726562 0.4169754981994629 -0.5755547881126404
v -0.03870749473571777 0.5141057968139648 -0.5073187947273254
v -0.00009441375732421875 0.5141057968139648 -0.5088887810707092
v -0.03870749473571777 0.5141057968139648 -0.5073187947273254
v 0.000008583069757150952 0.5778656005859375 -0.41366177797317505
v -0.00009441375732421875 0.5141057968139648 -0.5088887810707092
v -0.04101145267486572 0.5778656005859375 -0.4097427725791931
v -0.478898286819458 0.015950679779052734 -0.3598477840423584
v -0.5980112552642822 -0.10106229782104492 -0.056345805525779724
v -0.5549032688140869 -0.1010284423828125 -0.2253418266773224
v -0.4811135530471802 -0.11038517951965332 -0.35721084475517273
v -0.5980002880096436 -0.053530216217041016 -0.05640880763530731
v -0.5739896297454834 -0.10107135772705078 0.1753561943769455
v -0.4803702235221863 -0.0613095760345459 -0.3580097556114197
v -0.5547282695770264 -0.05194425582885742 -0.2258238047361374
v -0.5979945659637451 0.015950679779052734 -0.05644381046295166
v -0.554572343826294 0.015950679779052734 -0.22625280916690826
v -0.5980174541473389 0.1187138557434082 -0.056311801075935364
v -0.5543363094329834 0.1187138557434082 -0.22689981758594513
v -0.598097562789917 0.23051881790161133 -0.055858805775642395
v -0.478898286819458 0.015950679779052734 -0.3598477840423584
v -0.4811135530471802 -0.11038517951965332 -0.35721084475517273
v -0.4803702235221863 -0.0613095760345459 -0.3580097556114197
v -0.47609734535217285 0.1187138557434082 -0.3631817698478699
v -0.5529406070709229 0.23051881790161133 -0.23073579370975494
v -0.5734446048736572 -0.0535273551940918 0.1768551915884018
v -0.49692463874816895 -0.10101604461669922 0.338340163230896
v -0.5729353427886963 0.015950679779052734 0.1782531887292862
v -0.5731732845306396 0.23051881790161133 0.1776001900434494
v -0.5724694728851318 0.1187138557434082 0.1795341968536377
v -0.4965794086456299 -0.05350828170776367 0.3389371633529663
v -0.496171236038208 0.015950679779052734 0.3396431803703308
v -0.343813419342041 -0.1009511947631836 0.49432021379470825
v -0.3435615301132202 -0.05344438552856445 0.4944661855697632
v -0.49681639671325684 0.23051881790161133 0.33852618932724
v -0.49576258659362793 0.1187138557434082 0.3403511643409729
v -0.3434025049209595 0.015950679779052734 0.4945582151412964
v -0.3458634614944458 0.23051881790161133 0.4928702116012573
v -0.3436204195022583 0.1187138557434082 0.4944322109222412
v -0.4649427533149719 0.3565490245819092 -0.35835200548171997
v -0.5417214632034302 0.3565490245819092 -0.22742001712322235
v -0.4732344150543213 0.23051881790161133 -0.36659079790115356
v -0.5872719287872314 0.3565490245819092 -0.053979985415935516
v -0.5297033786773682 0.4169754981994629 -0.22362978756427765
v -0.45453667640686035 0.4169754981994629 -0.35120880603790283
v -0.3980144262313843 0.5141057968139648 -0.3150708079338074
v -0.4710366725921631 0.5141057968139648 -0.1971578150987625
v -0.5753676891326904 0.4169754981994629 -0.05263181030750275
v -0.510995626449585 0.5141057968139648 -0.04788680374622345
v -0.4144444465637207 0.5778656005859375 -0.04156181216239929
v -0.4649427533149719 0.3565490245819092 -0.35835200548171997
v -0.3980144262313843 0.5141057968139648 -0.3150708079338074
v -0.45453667640686035 0.4169754981994629 -0.35120880603790283
v -0.3790484666824341 0.5778656005859375 -0.16727881133556366
v -0.3105875253677368 0.5778656005859375 -0.27483582496643066
v -0.3108783960342407 0.5141057968139648 -0.39652878046035767
v -0.2991064786911011 0.6014347076416016 -0.033264800906181335
v -0.27292943000793457 0.6014347076416016 -0.12754179537296295
v -0.28803443908691406 0.6014347076416016 0.09255018830299377
v -0.4011443853378296 0.5778656005859375 0.12359219789505005
v -0.563693642616272 0.3565490245819092 0.17172753810882568
v -0.5524857044219971 0.4169754981994629 0.16778619587421417
v -0.4893827438354492 0.3565490245819092 0.32896533608436584
v -0.4792773723602295 0.4169754981994629 0.3220701813697815
v -0.492694616317749 0.5141057968139648 0.14697618782520294
v -0.42758846282958984 0.5141057968139648 0.2849462032318115
v -0.34118086099624634 0.3565490245819092 0.4811842143535614
v -0.33443939685821533 0.4169754981994629 0.4700511693954468
v -0.2953294515609741 0.5141057968139648 0.41866016387939453
v -0.25739943981170654 0.6014347076416016 0.17920619249343872
v -0.35041844844818115 0.5778656005859375 0.24060119688510895
v -0.23352539539337158 0.6014347076416016 -0.20809783041477203
v -0.17281574010849 0.3565490245819092 0.5634641051292419
v -0.24653244018554688 0.5778656005859375 -0.3295208215713501
v -0.25443148612976074 0.5141057968139648 -0.43851977586746216
v -0.1698983907699585 0.4169754981994629 0.5513231754302979
v -0.1745244264602661 0.23051881790161133 0.5750522017478943
v -0.14626944065093994 0.5141057968139648 0.4897741675376892
v -0.24281251430511475 0.5778656005859375 0.34663617610931396
v -0.20760047435760498 0.5778656005859375 -0.3532558083534241
v -0.16936945915222168 0.5778656005859375 -0.3707337975502014
v -0.19237041473388672 0.6014347076416016 -0.24765880405902863
v -0.16820251941680908 0.6014347076416016 -0.2618548274040222
v -0.12235748767852783 0.5778656005859375 0.40307921171188354
v -0.0000034570693969726562 0.5778656005859375 0.4207512140274048
v -0.0000034570693969726562 0.5141057968139648 0.5120682120323181
v -0.10386943817138672 0.6014347076416016 -0.2838507890701294
v -0.04154348373413086 0.6014347076416016 -0.2942008376121521
v -0.000011444091796875 0.6014347076416016 -0.2980087995529175
v -0.09389042854309082 0.6014347076416016 0.2874891757965088
v -0.000009417533874511719 0.6014347076416016 0.2973752021789551
v -0.17348742485046387 -0.10166025161743164 0.5754292011260986
v -0.17332851886749268 -0.053440093994140625 0.5754871964454651
v -0.17328941822052002 0.015950679779052734 0.5755012035369873
v -0.0000034570693969726562 -0.17587947845458984 0.6001272201538086
v -0.17359042167663574 0.1187138557434082 0.5753921866416931
v -0.0000034570693969726562 0.23051881790161133 0.6001272201538086
v -0.0000034570693969726562 0.1187138557434082 0.6001272201538086
v -0.0000034570693969726562 -0.10161447525024414 0.6001272201538086
v -0.0000034570693969726562 -0.05341815948486328 0.6001272201538086
v -0.0000034570693969726562 0.015950679779052734 0.6001272201538086
v -0.0000034570693969726562 0.3565490245819092 0.5890185236930847
v -0.0000034570693969726562 0.4169754981994629 0.5769292116165161
v -0.20239651203155518 0.6014337539672852 -0.20525182783603668
v -0.1463634967803955 0.601076602935791 -0.12304680794477463
v -0.13571441173553467 0.601076602935791 -0.23225881159305573
v -0.22358548641204834 0.601076602935791 -0.12627579271793365
v -0.15471243858337402 0.601076602935791 -0.02979680895805359
v -0.27292943000793457 0.6014347076416016 -0.12754179537296295
v -0.2378634214401245 0.601076602935791 -0.030782803893089294
v -0.19237041473388672 0.6014347076416016 -0.24765880405902863
v -0.23352539539337158 0.6014347076416016 -0.20809783041477203
v -0.16820251941680908 0.6014347076416016 -0.2618548274040222
v -0.2991064786911011 0.6014347076416016 -0.033264800906181335
v -0.06902539730072021 0.601076602935791 -0.11993582546710968
v -0.05699145793914795 0.601076602935791 -0.25017380714416504
v -0.0000064373016357421875 0.601076602935791 -0.12054581195116043
v -0.07129442691802979 0.601076602935791 -0.030973806977272034
v -0.0000064373016357421875 0.601076602935791 -0.02933381497859955
v -0.04154348373413086 0.6014347076416016 -0.2942008376121521
v -0.10386943817138672 0.6014347076416016 -0.2838507890701294
v -0.000008463859558105469 0.601076602935791 -0.253173828125
v -0.000011444091796875 0.6014347076416016 -0.2980087995529175
v -0.15945446491241455 0.601076602935791 0.08024218678474426
v -0.2459934949874878 0.601076602935791 0.08125419169664383
v -0.23246443271636963 0.601076602935791 0.15924519300460815
v -0.17490041255950928 0.601076602935791 0.2038411945104599
v -0.18022143840789795 0.6014347076416016 0.25161421298980713
v -0.28803443908691406 0.6014347076416016 0.09255018830299377
v -0.25739943981170654 0.6014347076416016 0.17920619249343872
v -0.18022143840789795 0.6014347076416016 0.25161421298980713
v -0.08786249160766602 0.601076602935791 0.2393231838941574
v -0.07262647151947021 0.601076602935791 0.07873518764972687
v -0.0000064373016357421875 0.601076602935791 0.07929118722677231
v -0.000007510185241699219 0.601076602935791 0.2514721751213074
v -0.09389042854309082 0.6014347076416016 0.2874891757965088
v -0.000009417533874511719 0.6014347076416016 0.2973752021789551
v 0.027441376820206642 -0.3278486728668213 -0.5985069870948792
v 0.03136720508337021 -0.36195921897888184 -0.5967557430267334
v 0.03525419533252716 -0.3864467144012451 -0.592761754989624
v 0.06548923254013062 -0.36533665657043457 -0.5920609831809998
v 0.0432843416929245 -0.42403221130371094 -0.5824182033538818
v 0.04934662580490112 -0.44626832008361816 -0.5689593553543091
v 0.0285943690687418 -0.35123682022094727 -0.5979528427124023
v 0.027441376820206642 -0.3278477191925049 -0.5985073447227478
v 0.0285943690687418 -0.35123682022094727 -0.5979528427124023
v 0.05750536918640137 -0.3511984348297119 -0.5949468612670898
v 0.053993381559848785 -0.3278477191925049 -0.5960756540298462
v 0.05750536918640137 -0.3511984348297119 -0.5949468612670898
v 0.03082357719540596 -0.32849740982055664 -0.5781528949737549
v 0.041796453297138214 -0.40373992919921875 -0.5447401404380798
v 0.05863804742693901 -0.3282322883605957 -0.5756421685218811
v 0.07834875583648682 -0.38448286056518555 -0.5864337682723999
v 0.10055393725633621 -0.42100000381469727 -0.5724593997001648
v 0.1222548559308052 -0.38549065589904785 -0.5761085748672485
v 0.11746912449598312 -0.4458954334259033 -0.5580783486366272
v 0.09934159368276596 -0.36452627182006836 -0.5855698585510254
v 0.08533148467540741 -0.3511962890625 -0.5898643732070923
v 0.07905714213848114 -0.3278477191925049 -0.5918139815330505
v 0.08533148467540741 -0.3511962890625 -0.5898643732070923
v 0.11463313549757004 -0.3509516716003418 -0.582735538482666
v 0.1065712720155716 -0.3278477191925049 -0.5853399038314819
v 0.11463313549757004 -0.3509516716003418 -0.582735538482666
v 0.0725984275341034 -0.4034383296966553 -0.5435976982116699
v 0.08419303596019745 -0.32782745361328125 -0.5721294283866882
v 0.054033294320106506 -0.4795207977294922 -0.5470544099807739
v 0.036527782678604126 -0.3801286220550537 -0.5064365863800049
v 0.057048022747039795 -0.5268235206604004 -0.5043425559997559
v 0.0637357085943222 -0.3795921802520752 -0.5040696263313293
v 0.03652777895331383 -0.36364269256591797 -0.5051336288452148
v 0.03652776777744293 -0.29221010208129883 -0.5093979835510254
v 0.06373569369316101 -0.36310625076293945 -0.5027666687965393
v 0.12230675667524338 -0.4793586730957031 -0.534688413143158
v 0.09220492839813232 -0.37868285179138184 -0.500137984752655
v 0.1042703315615654 -0.4020709991455078 -0.5385271310806274
v 0.1292104870080948 -0.5261075496673584 -0.4899445176124573
v 0.1092972680926323 -0.3271632194519043 -0.5659921765327454
v 0.12352780997753143 -0.377485990524292 -0.4948565363883972
v 0.06373569369316101 -0.2916736602783203 -0.5070310235023499
v 0.09220491349697113 -0.36220717430114746 -0.49883460998535156
v 0.027441376820206642 -0.3278486728668213 -0.5985069870948792
v 0.027441376820206642 -0.3278477191925049 -0.5985073447227478
v 0.053993381559848785 -0.3278486728668213 -0.5960754156112671
v 0.030823592096567154 -0.32840633392333984 -0.5781623721122742
v 0.053993381559848785 -0.3278477191925049 -0.5960756540298462
v 0.03082357719540596 -0.32849740982055664 -0.5781528949737549
v 0.028374962508678436 -0.3000643253326416 -0.5985069870948792
v 0.053993381559848785 -0.3278486728668213 -0.5960754156112671
v 0.028374962508678436 -0.3000643253326416 -0.5985069870948792
v 0.03320780768990517 -0.23431873321533203 -0.5985069870948792
v 0.05693461373448372 -0.3001554012298584 -0.5956933498382568
v 0.05693461373448372 -0.3001554012298584 -0.5956933498382568
v 0.03744889795780182 -0.15343046188354492 -0.5983201861381531
v 0.07151830196380615 -0.23445630073547363 -0.5940020680427551
v 0.07905714213848114 -0.3278486728668213 -0.591813862323761
v 0.08496971428394318 -0.3001718521118164 -0.5906566977500916
v 0.1065712720155716 -0.3278481960296631 -0.5853398442268372
v 0.07905714213848114 -0.3278486728668213 -0.591813862323761
v 0.05863804742693901 -0.3282203674316406 -0.5756432414054871
v 0.05863804742693901 -0.3282322883605957 -0.5756421685218811
v 0.07905714213848114 -0.3278477191925049 -0.5918139815330505
v 0.11566471308469772 -0.30066394805908203 -0.5826542973518372
v 0.08496971428394318 -0.3001718521118164 -0.5906566977500916
v 0.08121231198310852 -0.1541149616241455 -0.5928733348846436
v 0.11355873942375183 -0.23467636108398438 -0.5855343341827393
v 0.11566471308469772 -0.30066394805908203 -0.5826542973518372
v 0.030823592096567154 -0.32840633392333984 -0.5781623721122742
v 0.05863804742693901 -0.3282203674316406 -0.5756432414054871
v 0.034824952483177185 -0.18390393257141113 -0.5534029006958008
v 0.03652776777744293 -0.2104170322418213 -0.5136621594429016
v 0.07038387656211853 -0.1835474967956543 -0.552053689956665
v 0.06373568624258041 -0.20988082885742188 -0.5112951397895813
v 0.08419303596019745 -0.32782745361328125 -0.5721293091773987
v 0.08419303596019745 -0.32782745361328125 -0.5721293091773987
v 0.08419303596019745 -0.32782745361328125 -0.5721294283866882
v 0.1065712720155716 -0.3278477191925049 -0.5853399038314819
v 0.1065712720155716 -0.3278481960296631 -0.5853398442268372
v 0.1092972680926323 -0.3271632194519043 -0.5659921765327454
v 0.10929727554321289 -0.3271617889404297 -0.5659921765327454
v 0.09220491349697113 -0.29077601432800293 -0.5030986666679382
v 0.09220491349697113 -0.20898962020874023 -0.5073624849319458
v 0.10248483717441559 -0.18219542503356934 -0.5469498634338379
v 0.10929727554321289 -0.3271617889404297 -0.5659921765327454
v 0.12352780997753143 -0.2895793914794922 -0.4978172481060028
v 0.12352780997753143 -0.2077927589416504 -0.502081036567688
v 0.13427042961120605 -0.3278477191925049 -0.577239990234375
v 0.1372911036014557 -0.3635129928588867 -0.575506329536438
v 0.16308721899986267 -0.3820202350616455 -0.5643461346626282
v 0.14320869743824005 -0.350055456161499 -0.5740756988525391
v 0.16838189959526062 -0.3600931167602539 -0.5652921795845032
v 0.15937593579292297 -0.4139900207519531 -0.5572586059570312
v 0.13427042961120605 -0.3278481960296631 -0.577239990234375
v 0.13427042961120605 -0.3278477191925049 -0.577239990234375
v 0.14320869743824005 -0.350055456161499 -0.5740756988525391
v 0.1551271378993988 -0.32794642448425293 -0.5708262920379639
v 0.13660554587841034 -0.3992166519165039 -0.5299891829490662
v 0.13520567119121552 -0.3262979984283447 -0.5580318570137024
v 0.1551271378993988 -0.32794642448425293 -0.5708262920379639
v 0.13520567119121552 -0.3262979984283447 -0.5580318570137024
v 0.16812989115715027 -0.3469102382659912 -0.566257655620575
v 0.16812989115715027 -0.3469102382659912 -0.566257655620575
v 0.20545990765094757 -0.35640430450439453 -0.5523809790611267
v 0.20588882267475128 -0.37793755531311035 -0.5491197109222412
v 0.217374786734581 -0.4065852165222168 -0.5351455807685852
v 0.17865975201129913 -0.34049391746520996 -0.5619245171546936
v 0.16000249981880188 -0.32805681228637695 -0.5692530274391174
v 0.17865975201129913 -0.34049391746520996 -0.5619245171546936
v 0.16213038563728333 -0.3281123638153076 -0.56840980052948
v 0.1840050369501114 -0.3285696506500244 -0.559809684753418
v 0.1840050369501114 -0.3285696506500244 -0.559809684753418
v 0.21866236627101898 -0.33778977394104004 -0.5476123690605164
v 0.1924692839384079 -0.439105749130249 -0.5357994437217712
v 0.20358912646770477 -0.4759218692779541 -0.5077304244041443
v 0.15515969693660736 -0.3759291172027588 -0.4879953861236572
v 0.17053478956222534 -0.3958461284637451 -0.5194775462150574
v 0.18013256788253784 -0.37471890449523926 -0.48256441950798035
v 0.19662508368492126 -0.39229416847229004 -0.5088492035865784
v 0.15765425562858582 -0.3251638412475586 -0.5505527257919312
v 0.19662508368492126 -0.39229416847229004 -0.5088492035865784
v 0.16258405148983002 -0.32518720626831055 -0.5485113859176636
v 0.15765425562858582 -0.3251638412475586 -0.5505527257919312
v 0.20771518349647522 -0.3676447868347168 -0.5057313442230225
v 0.16532817482948303 -0.3250460624694824 -0.5473427772521973
v 0.2664126753807068 -0.3925478458404541 -0.5129014849662781
v 0.2717728018760681 -0.4292430877685547 -0.5028254389762878
v 0.26065340638160706 -0.3535158634185791 -0.5264316201210022
v 0.27988213300704956 -0.3234684467315674 -0.520674467086792
v 0.3093431293964386 -0.3543531894683838 -0.5015898942947388
v 0.33520177006721497 -0.31401920318603516 -0.49338364601135254
v 0.1551271378993988 -0.32794642448425293 -0.5708262920379639
v 0.1352057009935379 -0.3262975215911865 -0.5580319762229919
v 0.15765425562858582 -0.3251638412475586 -0.5505527257919312
v 0.16000249981880188 -0.32805681228637695 -0.5692530274391174
v 0.16000249981880188 -0.32805681228637695 -0.5692530274391174
v 0.1576542854309082 -0.3251638412475586 -0.5505527853965759
v 0.1551271378993988 -0.32794642448425293 -0.5708262920379639
v 0.13427042961120605 -0.3278481960296631 -0.577239990234375
v 0.1447691023349762 -0.30222344398498535 -0.5735774040222168
v 0.159307599067688 -0.2371823787689209 -0.5707666873931885
v 0.13818518817424774 -0.15577149391174316 -0.5818274617195129
v 0.1447691023349762 -0.30222344398498535 -0.5735774040222168
v 0.16921545565128326 -0.3073093891143799 -0.565663754940033
v 0.16258405148983002 -0.32518720626831055 -0.5485113859176636
v 0.16000249981880188 -0.32805681228637695 -0.5692530274391174
v 0.17952556908130646 -0.31497669219970703 -0.5610017776489258
v 0.1840050369501114 -0.3285696506500244 -0.559809684753418
v 0.16213038563728333 -0.3281123638153076 -0.56840980052948
v 0.1625840812921524 -0.32518696784973145 -0.5485113859176636
v 0.17952556908130646 -0.31497669219970703 -0.5610017776489258
v 0.226450577378273 -0.31557559967041016 -0.5440393090248108
v 0.19546976685523987 -0.24555206298828125 -0.5573650002479553
v 0.16921545565128326 -0.3073093891143799 -0.565663754940033
v 0.2022601068019867 -0.16130971908569336 -0.5609756708145142
v 0.22008663415908813 -0.2902050018310547 -0.5457732081413269
v 0.213759645819664 -0.26859354972839355 -0.5491580963134766
v 0.16532817482948303 -0.3250460624694824 -0.5473427772521973
v 0.20807571709156036 -0.23142576217651367 -0.5124295949935913
v 0.1576542854309082 -0.3251638412475586 -0.5505527853965759
v 0.1625840812921524 -0.32518696784973145 -0.5485113859176636
v 0.21883033215999603 -0.28900718688964844 -0.5077526569366455
v 0.1352057009935379 -0.3262975215911865 -0.5580319762229919
v 0.13835924863815308 -0.18250370025634766 -0.5381244421005249
v 0.17189626395702362 -0.18275976181030273 -0.527725875377655
v 0.1971573531627655 -0.18389630317687988 -0.5166850686073303
v 0.18013256788253784 -0.20543885231018066 -0.489767462015152
v 0.2956009805202484 -0.280475378036499 -0.5149630904197693
v 0.28955549001693726 -0.2511160373687744 -0.5209697484970093
v 0.27090761065483093 -0.2048029899597168 -0.5319318175315857
v 0.2443065345287323 -0.1780383586883545 -0.5428788661956787
v 0.33894065022468567 -0.22539734840393066 -0.49616286158561707
v 0.3453674912452698 -0.2742931842803955 -0.4888427257537842
v 0.19014784693717957 -0.2580752372741699 -0.4847140312194824
v 0.07373249530792236 -0.5977402925491333 -0.315004825592041
v 0.05579257011413574 -0.5837044715881348 -0.40766680240631104
v 0.07373249530792236 -0.5977402925491333 -0.315004825592041
v 0.1293555498123169 -0.5959097146987915 -0.30418479442596436
v 0.10259354114532471 -0.6014478206634521 -0.2595667839050293
v 0.17882156372070312 -0.5929527282714844 -0.2931867837905884
v 0.13401854038238525 -0.6013243198394775 -0.1977408081293106
v 0.11774754524230957 -0.5829113721847534 -0.3934187889099121
v 0.1293555498123169 -0.5959097146987915 -0.30418479442596436
v 0.057048022747039795 -0.5268235206604004 -0.5043425559997559
v 0.1292104870080948 -0.5261075496673584 -0.4899445176124573
v 0.1795945167541504 -0.581188440322876 -0.3702077865600586
v 0.17882156372070312 -0.5929527282714844 -0.2931867837905884
v 0.21825158596038818 -0.5918818712234497 -0.26945382356643677
v 0.23422658443450928 -0.579045295715332 -0.34200382232666016
v 0.21825158596038818 -0.5918818712234497 -0.26945382356643677
v 0.24782860279083252 -0.5919473171234131 -0.24231882393360138
v 0.23766648769378662 -0.6013243198394775 -0.12308280169963837
v 0.278855562210083 -0.5904792547225952 -0.21673978865146637
v 0.27839648723602295 -0.5773849487304688 -0.3075107932090759
v 0.24782860279083252 -0.5919473171234131 -0.24231882393360138
v 0.20646677911281586 -0.5239274501800537 -0.46309953927993774
v 0.2761955261230469 -0.5204699039459229 -0.42637765407562256
v 0.305153489112854 -0.5945132970809937 -0.13562680780887604
v 0.1338735818862915 -0.6013243198394775 -0.03337280452251434
v 0.13591551780700684 -0.6013243198394775 0.09349118918180466
v 0.13545751571655273 -0.6013243198394775 0.2205231934785843
v 0.13165748119354248 -0.5964642763137817 0.2978332042694092
v 0.11400258541107178 -0.5766842365264893 0.4042391777038574
v -0.000008463859558105469 -0.5975582599639893 0.3194692134857178
v 0.13165748119354248 -0.5964642763137817 0.2978332042694092
v 0.22550153732299805 -0.5940412282943726 0.25046518445014954
v 0.2419835329055786 -0.5766842365264893 0.3422371745109558
v -0.00001239776611328125 -0.513512134552002 0.5131441950798035
v -0.000013470649719238281 -0.5766842365264893 0.42045021057128906
v 0.22706949710845947 -0.6013243198394775 0.18158818781375885
v 0.2653355598449707 -0.6013243198394775 -0.03281180560588837
v 0.2575274705886841 -0.6013243198394775 0.0895661935210228
v 0.31604456901550293 -0.595230221748352 0.09757719188928604
v 0.2801135778427124 -0.5939822196960449 0.1884341835975647
v 0.22550153732299805 -0.5940412282943726 0.25046518445014954
v 0.34977054595947266 -0.5766842365264893 0.23598818480968475
v 0.14347851276397705 -0.513512134552002 0.49277716875076294
v 0.12352780997753143 -0.3610081672668457 -0.49355319142341614
v 0.15515971183776855 -0.3594553470611572 -0.48669204115867615
v 0.15365749597549438 -0.2892589569091797 -0.490955650806427
v 0.15365751087665558 -0.2075033187866211 -0.49521785974502563
v 0.18013256788253784 -0.28653883934020996 -0.48553943634033203
v 0.18013256788253784 -0.3581075668334961 -0.48127061128616333
v 0.18013256788253784 -0.37471890449523926 -0.48256441950798035
v 0.28713956475257874 -0.47213268280029297 -0.46814456582069397
v 0.19014784693717957 -0.35947704315185547 -0.4788873791694641
v 0.20646677911281586 -0.5239274501800537 -0.46309953927993774
v 0.20013485848903656 -0.29822874069213867 -0.48048046231269836
v 0.19014784693717957 -0.2580752372741699 -0.4847140312194824
v 0.20013485848903656 -0.29822874069213867 -0.48048046231269836
v -0.0000064373016357421875 -0.46250104904174805 0.5561051964759827
v 0.1580045223236084 -0.46250104904174805 0.5334951877593994
v 0.16499054431915283 -0.4164590835571289 0.5538722276687622
v -0.000004410743713378906 -0.4164590835571289 0.577174186706543
v -0.0000034570693969726562 -0.36017417907714844 0.594021201133728
v 0.1739645004272461 -0.361173152923584 0.5686001777648926
v 0.17541348934173584 -0.3047471046447754 0.5738782286643982
v -0.0000034570693969726562 -0.30404043197631836 0.5994701981544495
v 0.1747875213623047 -0.24513006210327148 0.5749542117118835
v 0.19014784693717957 -0.35947704315185547 -0.4788873791694641
v -0.0000034570693969726562 -0.24500417709350586 0.6001272201538086
v 0.17408955097198486 -0.17591428756713867 0.5752081871032715
v 0.2761955261230469 -0.5204699039459229 -0.42637765407562256
v 0.3397045135498047 -0.5166106224060059 -0.3793836832046509
v 0.29400360584259033 -0.513512134552002 0.4217841625213623
v 0.32155752182006836 -0.46250104904174805 0.4538092017173767
v 0.3327465057373047 -0.4164590835571289 0.4723691940307617
v 0.3454115390777588 -0.3603401184082031 0.4854651689529419
v 0.3462415933609009 -0.24474430084228516 0.4925472140312195
v 0.3304845094680786 -0.5766842365264893 -0.25082582235336304
v 0.278855562210083 -0.5904792547225952 -0.21673978865146637
v 0.3834115266799927 -0.5766842365264893 -0.1608697921037674
v 0.305153489112854 -0.5945132970809937 -0.13562680780887604
v 0.3261125087738037 -0.5956742763519287 -0.03662881255149841
v 0.4088345766067505 -0.5135986804962158 -0.30669474601745605
v 0.3649436831474304 -0.4237074851989746 -0.4444436728954315
v 0.3620685935020447 -0.46752476692199707 -0.41444864869117737
v 0.3397045135498047 -0.5166106224060059 -0.3793836832046509
v 0.43823355436325073 -0.46286582946777344 -0.33423277735710144
v 0.4088345766067505 -0.5135986804962158 -0.30669474601745605
v 0.43823355436325073 -0.46286582946777344 -0.33423277735710144
v 0.5118376016616821 -0.46250104904174805 -0.20559380948543549
v 0.4748265743255615 -0.513512134552002 -0.19157882034778595
v 0.41637253761291504 -0.5766842365264893 -0.042447805404663086
v 0.5515564680099487 -0.46250104904174805 -0.052694812417030334
v 0.5120195150375366 -0.513512134552002 -0.05013081431388855
v 0.4548006057739258 -0.4170565605163574 -0.35237279534339905
v 0.4548006057739258 -0.4170565605163574 -0.35237279534339905
v 0.5340175628662109 -0.4164590835571289 -0.21470482647418976
v 0.5751915574073792 -0.4164590835571289 -0.05447681248188019
v 0.3261125087738037 -0.5956742763519287 -0.03662881255149841
v 0.31604456901550293 -0.595230221748352 0.09757719188928604
v 0.2801135778427124 -0.5939822196960449 0.1884341835975647
v 0.39982354640960693 -0.5766842365264893 0.11978019773960114
v 0.42841553688049316 -0.513512134552002 0.28556621074676514
v 0.4797614812850952 -0.4164590835571289 0.32138919830322266
v 0.4932825565338135 -0.513512134552002 0.14519718289375305
v 0.4611436128616333 -0.46250104904174805 0.3065592050552368
v 0.5309625864028931 -0.46250104904174805 0.15694819390773773
v 0.5534305572509766 -0.4164590835571289 0.16455018520355225
v 0.4011278748512268 -0.3672451972961426 -0.4376078248023987
v 0.4043388366699219 -0.32032346725463867 -0.43997788429260254
v 0.4742336869239807 -0.36058855056762695 -0.3580228388309479
v 0.40398693084716797 -0.26969242095947266 -0.4416128993034363
v 0.4003848433494568 -0.19855952262878418 -0.44463682174682617
v 0.4801056981086731 -0.25425028800964355 -0.3584018647670746
v 0.47852379083633423 -0.3141193389892578 -0.3591117858886719
v 0.4742336869239807 -0.36058855056762695 -0.3580228388309479
v 0.5512857437133789 -0.359011173248291 -0.22144682705402374
v 0.47852379083633423 -0.3141193389892578 -0.3591117858886719
v 0.5547686815261841 -0.30410337448120117 -0.22373677790164948
v 0.5939075350761414 -0.35755205154418945 -0.05585981905460358
v 0.5976565480232239 -0.3026890754699707 -0.056076809763908386
v 0.4801056981086731 -0.25425028800964355 -0.3584018647670746
v 0.4805527329444885 -0.18445992469787598 -0.35786980390548706
v 0.4805527329444885 -0.18445992469787598 -0.35786980390548706
v 0.5552696585655212 -0.24467945098876953 -0.2243167757987976
v 0.555087685585022 -0.17506742477416992 -0.22481678426265717
v 0.5980435609817505 -0.1750631332397461 -0.05612580478191376
v 0.5980725288391113 -0.24450206756591797 -0.05596180260181427
v 0.4959465265274048 -0.35955047607421875 0.32893818616867065
v 0.49972355365753174 -0.3040304183959961 0.3321741819381714
v 0.5711995363235474 -0.3600773811340332 0.16685418784618378
v 0.34821557998657227 -0.3047161102294922 0.48985517024993896
v 0.5756515264511108 -0.30397844314575195 0.16888518631458282
v 0.49768149852752686 -0.1749401092529297 0.3370171785354614
v 0.49852049350738525 -0.2448272705078125 0.3355652093887329
v 0.5753365159034729 -0.24491548538208008 0.17163419723510742
v 0.3451296091079712 -0.17493343353271484 0.49348020553588867
v 0.5746785402297974 -0.1749262809753418 0.17344419658184052
v 0.04226255416870117 -0.06016373634338379 -0.5977725386619568
v 0.04612159729003906 0.014090776443481445 -0.5977726578712463
v 0.08988654613494873 -0.060133934020996094 -0.5911615490913391
v 0.047635555267333984 0.1187138557434082 -0.5977727770805359
v 0.04860115051269531 0.23053598403930664 -0.5978639125823975
v 0.09704351425170898 0.014304399490356445 -0.5898996591567993
v 0.09790050983428955 0.1187138557434082 -0.5897487998008728
v 0.09543447196483612 0.17428040504455566 -0.5943611264228821
v 0.08314146846532822 0.19161248207092285 -0.5926921367645264
v 0.08613947033882141 0.1916484832763672 -0.5960511565208435
v 0.09352145344018936 0.19165635108947754 -0.5946721434593201
v 0.10107646882534027 0.1742854118347168 -0.5933071374893188
v 0.10317246615886688 0.1687014102935791 -0.5929161310195923
v 0.11404243856668472 0.19166231155395508 -0.5908851623535156
v 0.07839345932006836 0.22103643417358398 -0.5975440144538879
v 0.07463245838880539 0.2209324836730957 -0.5943250060081482
v 0.07613644748926163 0.2526893615722656 -0.5979960560798645
v 0.08613844960927963 0.25281333923339844 -0.5960970520973206
v 0.08772245049476624 0.2211904525756836 -0.595801055431366
v 0.11403843015432358 0.22128653526306152 -0.5908860564231873
v 0.09342946857213974 0.17421436309814453 -0.590796172618866
v 0.10139918327331543 0.23053312301635742 -0.5895926356315613
v 0.11403841525316238 0.25289249420166016 -0.5908860564231873
v 0.11404646188020706 0.1742844581604004 -0.5908841490745544
v 0.10214546322822571 0.1676633358001709 -0.5891331434249878
v 0.112746462225914 0.16650748252868652 -0.5871261358261108
v 0.11404545605182648 0.16758942604064941 -0.5908841490745544
v 0.123323455452919 0.16771650314331055 -0.5851211547851562
v 0.15975569188594818 -0.06030988693237305 -0.5780606865882874
v 0.16535258293151855 0.014788627624511719 -0.5760197043418884
v 0.12490943819284439 0.1687164306640625 -0.5888321399688721
v 0.12701445817947388 0.17429137229919434 -0.58846116065979
v 0.16035127639770508 0.23053312301635742 -0.5781256556510925
v 0.13434942066669464 0.19166851043701172 -0.5870321393013
v 0.07263445109128952 0.25250244140625 -0.594014048576355
v 0.0492040291428566 0.35155701637268066 -0.5970635414123535
v 0.07840342819690704 0.28437352180480957 -0.5975419282913208
v 0.07472144067287445 0.2841525077819824 -0.5936819314956665
v 0.08772443234920502 0.28444743156433105 -0.5958009362220764
v 0.049201883375644684 0.3809940814971924 -0.5900136232376099
v 0.08621541410684586 0.3116915225982666 -0.5961059331893921
v 0.08222442120313644 0.31154751777648926 -0.5924519300460815
v 0.10275215655565262 0.35154056549072266 -0.5887625813484192
v 0.09361541271209717 0.31171536445617676 -0.5947239398956299
v 0.11404041945934296 0.28449153900146484 -0.5908849835395813
v 0.1140454038977623 0.3117213249206543 -0.5908839106559753
v 0.0939624011516571 0.3311014175415039 -0.5904669165611267
v 0.09750240296125412 0.3312413692474365 -0.5939748883247375
v 0.10212939977645874 0.3312344551086426 -0.5931099057197571
v 0.10406139492988586 0.3356144428253174 -0.5927249193191528
v 0.1140453889966011 0.3312363624572754 -0.5908839106559753
v 0.10290539264678955 0.33789849281311035 -0.5889348983764648
v 0.04919552803039551 0.4169754981994629 -0.5738198161125183
v 0.1028938964009285 0.38098907470703125 -0.5816287994384766
v 0.038631558418273926 0.5141057968139648 -0.5073428153991699
v 0.09131050109863281 0.5141057968139648 -0.4991387724876404
v 0.1033085510134697 0.4169754981994629 -0.565189778804779
v 0.038631558418273926 0.5141057968139648 -0.5073428153991699
v 0.04097557067871094 0.5778656005859375 -0.4097418189048767
v 0.09131050109863281 0.5141057968139648 -0.4991387724876404
v 0.08415651321411133 0.5778656005859375 -0.4014098048210144
v 0.12400137633085251 0.33556532859802246 -0.5889388918876648
v 0.11403939127922058 0.336559534072876 -0.5908299088478088
v 0.12596037983894348 0.3312263488769531 -0.5886589288711548
v 0.135005384683609 0.3117043972015381 -0.5868679285049438
v 0.11273238807916641 0.3393135070800781 -0.5870999097824097
v 0.12253537774085999 0.33785438537597656 -0.5852689146995544
v 0.14625656604766846 0.5141057968139648 -0.48615479469299316
v 0.14625656604766846 0.5141057968139648 -0.48615479469299316
v 0.13260942697525024 0.17434239387512207 -0.5873501300811768
v 0.13198941946029663 0.17431330680847168 -0.5835021734237671
v 0.13986940681934357 0.22119545936584473 -0.5860601663589478
v 0.1416604220867157 0.1916964054107666 -0.5855791568756104
v 0.1420184224843979 0.1916823387145996 -0.5815701484680176
v 0.16445958614349365 0.1187138557434082 -0.5763458013534546
v 0.2435946762561798 -0.0599217414855957 -0.5474947094917297
v 0.24670350551605225 0.015536308288574219 -0.5463606715202332
v 0.244484543800354 0.1187138557434082 -0.5471698045730591
v 0.14912238717079163 0.22105741500854492 -0.5842311382293701
v 0.15023939311504364 0.22095751762390137 -0.5800931453704834
v 0.23802757263183594 0.23051881790161133 -0.5485308170318604
v 0.31701987981796265 -0.14308547973632812 -0.5092369318008423
v 0.3101157248020172 -0.05980682373046875 -0.5113187432289124
v 0.3122835159301758 0.23051881790161133 -0.51006680727005
v 0.30946147441864014 0.015950679779052734 -0.5116958022117615
v 0.3120155334472656 0.1187138557434082 -0.5102217793464661
v 0.3905866742134094 -0.1243600845336914 -0.4528617262840271
v 0.3826135993003845 0.015950679779052734 -0.4595567584037781
v 0.38295865058898926 -0.060942649841308594 -0.459266722202301
v 0.38065457344055176 0.23051881790161133 -0.4612007737159729
v 0.38207757472991943 0.1187138557434082 -0.4600067734718323
v 0.47322261333465576 0.23051881790161133 -0.3665967583656311
v 0.4760946035385132 0.1187138557434082 -0.36317676305770874
v 0.1523163914680481 0.25250244140625 -0.5803720355033875
v 0.13986939191818237 0.28444337844848633 -0.5860600471496582
v 0.14145340025424957 0.25281333923339844 -0.58576500415802
v 0.13051837682724 0.3311583995819092 -0.5876958966255188
v 0.14232337474822998 0.31164050102233887 -0.5853899121284485
v 0.1314803808927536 0.3311014175415039 -0.5838708877563477
v 0.1631588637828827 0.35158395767211914 -0.5770584940910339
v 0.14909937977790833 0.2843494415283203 -0.5842230319976807
v 0.1513763964176178 0.2526874542236328 -0.5838320255279541
v 0.14994238317012787 0.28415441513061523 -0.5807860493659973
v 0.14375938475131989 0.31154751777648926 -0.581718921661377
v 0.16439923644065857 0.38102149963378906 -0.569230318069458
v 0.20224760472774506 0.3792405128479004 -0.552696943283081
v 0.2117236703634262 0.35135555267333984 -0.558190643787384
v 0.23700541257858276 0.3565495014190674 -0.536747395992279
v 0.23407351970672607 0.4169754981994629 -0.5265247821807861
v 0.16802549362182617 0.4169754981994629 -0.550760805606842
v 0.20209050178527832 0.5141057968139648 -0.4651867747306824
v 0.1280975341796875 0.5778656005859375 -0.3873388171195984
v 0.20209050178527832 0.5141057968139648 -0.4651867747306824
v 0.3061679005622864 0.3565490245819092 -0.50078946352005
v 0.37321704626083374 0.3565490245819092 -0.4521021842956543
v 0.3641566038131714 0.4169754981994629 -0.4431678056716919
v 0.29805850982666016 0.4169754981994629 -0.4916257858276367
v 0.25451552867889404 0.5141057968139648 -0.43844878673553467
v 0.31113553047180176 0.5141057968139648 -0.3963307738304138
v 0.4789336323738098 0.015949726104736328 -0.35979777574539185
v 0.16932356357574463 0.5778656005859375 -0.37074583768844604
v 0.14624357223510742 0.5141057968139648 0.48977917432785034
v 0.2427985668182373 0.5778656005859375 0.34662318229675293
v 0.12230253219604492 0.5778656005859375 0.40308618545532227
v -0.0000034570693969726562 0.5778656005859375 0.4207512140274048
v -0.0000034570693969726562 0.5141057968139648 0.5120682120323181
v 0.169777512550354 0.4169754981994629 0.5513651967048645
v 0.2954035997390747 0.5141057968139648 0.41861021518707275
v -0.000009417533874511719 0.6014347076416016 0.2973752021789551
v 0.04155158996582031 0.6014347076416016 -0.2942168116569519
v 0.10382557660341263 0.6014347076416016 -0.2838597893714905
v 0.16815650463104248 0.6014347076416016 -0.26185983419418335
v 0.2075505256652832 0.5778656005859375 -0.35325783491134644
v 0.09376752376556396 0.6014347076416016 0.2874782085418701
v 0.24648356437683105 0.5778656005859375 -0.32951879501342773
v 0.25451552867889404 0.5141057968139648 -0.43844878673553467
v 0.3343294858932495 0.4169754981994629 0.4701281785964966
v 0.1727501004934311 0.3565490245819092 0.5634858012199402
v 0.34112146496772766 0.3565490245819092 0.4812237024307251
v 0.17451059818267822 0.23051881790161133 0.5750551819801331
v 0.3458515405654907 0.23051881790161133 0.4928742051124573
v 0.34380054473876953 -0.1009521484375 0.4943242073059082
v 0.3436065912246704 0.1187138557434082 0.49443620443344116
v 0.31113553047180176 0.5141057968139648 -0.3963307738304138
v 0.3105635643005371 0.5778656005859375 -0.27485883235931396
v 0.19234251976013184 0.6014347076416016 -0.24764879047870636
v 0.35038554668426514 0.5778656005859375 0.2406041920185089
v 0.2573205232620239 0.6014347076416016 0.17924219369888306
v 0.3435485363006592 -0.05344533920288086 0.49447017908096313
v 0.17348051071166992 -0.10166025161743164 0.5754292011260986
v -0.0000034570693969726562 -0.17587947845458984 0.6001272201538086
v 0.17328250408172607 0.015950679779052734 0.5755012035369873
v -0.0000034570693969726562 -0.05341815948486328 0.6001272201538086
v 0.17332160472869873 -0.05343914031982422 0.5754871964454651
v -0.0000034570693969726562 -0.10161447525024414 0.6001272201538086
v -0.0000034570693969726562 0.015950679779052734 0.6001272201538086
v -0.0000034570693969726562 0.1187138557434082 0.6001272201538086
v -0.0000034570693969726562 0.4169754981994629 0.5769292116165161
v -0.0000034570693969726562 0.3565490245819092 0.5890185236930847
v -0.0000034570693969726562 0.23051881790161133 0.6001272201538086
v 0.1735835075378418 0.1187138557434082 0.5753921866416931
v 0.34338951110839844 0.015949726104736328 0.49456220865249634
v 0.23347651958465576 0.6014347076416016 -0.20809881389141083
v 0.37899255752563477 0.5778656005859375 -0.1672758013010025
v 0.056949496269226074 0.601076602935791 -0.25017380714416504
v 0.06897854804992676 0.601076602935791 -0.11993582546710968
v 0.13566553592681885 0.601076602935791 -0.23225881159305573
v 0.1463165283203125 0.601076602935791 -0.123048797249794
v 0.07124853134155273 0.601076602935791 -0.030973806977272034
v 0.04155158996582031 0.6014347076416016 -0.2942168116569519
v 0.10382557660341263 0.6014347076416016 -0.2838597893714905
v 0.16815650463104248 0.6014347076416016 -0.26185983419418335
v 0.20237350463867188 0.6014719009399414 -0.20524682104587555
v 0.2728545665740967 0.6014347076416016 -0.12765280902385712
v 0.15466749668121338 0.601076602935791 -0.029797807335853577
v 0.22353756427764893 0.601076602935791 -0.12627781927585602
v 0.23781657218933105 0.601076602935791 -0.03078480064868927
v 0.2728545665740967 0.6014347076416016 -0.12765280902385712
v 0.19234251976013184 0.6014347076416016 -0.24764879047870636
v 0.23347651958465576 0.6014347076416016 -0.20809881389141083
v 0.29905951023101807 0.6014347076416016 -0.03323981165885925
v 0.07258152961730957 0.601076602935791 0.07873518764972687
v 0.08781754970550537 0.601076602935791 0.2393231838941574
v 0.1748565435409546 0.601076602935791 0.20383818447589874
v 0.15941059589385986 0.601076602935791 0.08024019002914429
v 0.09376752376556396 0.6014347076416016 0.2874782085418701
v 0.18022358417510986 0.6014347076416016 0.2515771985054016
v 0.23241949081420898 0.601076602935791 0.15924319624900818
v 0.2459474802017212 0.601076602935791 0.08125019073486328
v 0.18022358417510986 0.6014347076416016 0.2515771985054016
v 0.28800058364868164 0.6014347076416016 0.09255018830299377
v 0.2573205232620239 0.6014347076416016 0.17924219369888306
v 0.40110957622528076 0.5778656005859375 0.12359219789505005
v 0.28800058364868164 0.6014347076416016 0.09255018830299377
v 0.48118865489959717 -0.11040186882019043 -0.35711178183555603
v 0.4804426431655884 -0.061324357986450195 -0.35792475938796997
v 0.4804426431655884 -0.061324357986450195 -0.35792475938796997
v 0.5548946857452393 -0.10103130340576172 -0.2253488302230835
v 0.48118865489959717 -0.11040186882019043 -0.35711178183555603
v 0.4789336323738098 0.015949726104736328 -0.35979777574539185
v 0.4760946035385132 0.1187138557434082 -0.36317676305770874
v 0.5543465614318848 0.1187138557434082 -0.22685278952121735
v 0.5546975135803223 -0.0519561767578125 -0.22588779032230377
v 0.552931547164917 0.23051881790161133 -0.23074080049991608
v 0.5545015335083008 0.015950679779052734 -0.22642882168293
v 0.598023533821106 -0.10105609893798828 -0.056239813566207886
v 0.5980115532875061 -0.05354928970336914 -0.0563088059425354
v 0.598019540309906 0.1187138557434082 -0.056261807680130005
v 0.5979985594749451 0.015950679779052734 -0.05638080835342407
v 0.598097562789917 0.23051881790161133 -0.05581580102443695
v 0.5739505290985107 -0.10105228424072266 0.1754421889781952
v 0.49664855003356934 -0.05350828170776367 0.3388051986694336
v 0.49699556827545166 -0.1009984016418457 0.3382052183151245
v 0.5734145641326904 -0.0535273551940918 0.1769161969423294
v 0.4962385892868042 0.015950679779052734 0.33951616287231445
v 0.4957774877548218 0.1187138557434082 0.340313196182251
v 0.5724445581436157 0.1187138557434082 0.1795801967382431
v 0.5729135274887085 0.015950679779052734 0.1782921850681305
v 0.573153555393219 0.23051881790161133 0.17763419449329376
v 0.4967864751815796 0.23051881790161133 0.33856821060180664
v 0.3987694978713989 0.5141057968139648 -0.3142538070678711
v 0.46509841084480286 0.3565490245819092 -0.3581531047821045
v 0.45489561557769775 0.4169754981994629 -0.3507607579231262
v 0.3987694978713989 0.5141057968139648 -0.3142538070678711
v 0.5297144651412964 0.4169754981994629 -0.2236098200082779
v 0.45489561557769775 0.4169754981994629 -0.3507607579231262
v 0.4710475206375122 0.5141057968139648 -0.1971668154001236
v 0.41445350646972656 0.5778656005859375 -0.04158081114292145
v 0.29905951023101807 0.6014347076416016 -0.03323981165885925
v 0.5110155344009399 0.5141057968139648 -0.0478828102350235
v 0.46509841084480286 0.3565490245819092 -0.3581531047821045
v 0.47322261333465576 0.23051881790161133 -0.3665967583656311
v 0.5417230725288391 0.3565490245819092 -0.22740942239761353
v 0.587279200553894 0.3565490245819092 -0.05394568294286728
v 0.5753785371780396 0.4169754981994629 -0.05262981355190277
v 0.4893944263458252 0.3565490245819092 0.328933447599411
v 0.479312539100647 0.4169754981994629 0.3219981789588928
v 0.4276775121688843 0.5141057968139648 0.2848252058029175
v 0.49266254901885986 0.5141057968139648 0.14695319533348083
v 0.5524635314941406 0.4169754981994629 0.16782918572425842
v 0.5636752247810364 0.3565490245819092 0.1717580258846283

vn -0.32482728362083435 -0.0327308252453804 -0.9452857375144958
vn -0.337528795003891 -0.10210063308477402 -0.9355153441429138
vn -0.38931187987327576 -0.09233023971319199 -0.916951596736908
vn -0.2984471917152405 -0.02589154802262783 -0.9540790915489197
vn -0.3404599130153656 -0.20371274650096893 -0.9179286360740662
vn -0.28769975900650024 -0.11675623059272766 -0.9501709342002869
vn -0.3453451097011566 0.013190033845603466 -0.9384464621543884
vn -0.4078756272792816 -0.21348313987255096 -0.8876404166221619
vn -0.3140798509120941 -0.2857840657234192 -0.9052271246910095
vn -0.4108067452907562 -0.24767953157424927 -0.8778700232505798
vn -0.3961511552333832 -0.03859306126832962 -0.916951596736908
vn -0.35316142439842224 0.0014655593549832702 -0.9355153441429138
vn -0.3453451097011566 0.013190033845603466 -0.9384464621543884
vn -0.3629318177700043 0.021006351336836815 -0.931607186794281
vn -0.3052864670753479 -0.017098192125558853 -0.9521250128746033
vn -0.32482728362083435 -0.0327308252453804 -0.9452857375144958
vn -0.2984471917152405 -0.02589154802262783 -0.9540790915489197
vn -0.3433910310268402 0.023937469348311424 -0.9384464621543884
vn -0.3433910310268402 0.023937469348311424 -0.9384464621543884
vn -0.26425081491470337 -0.21836833655834198 -0.9394235014915466
vn -0.22712332010269165 -0.14118221402168274 -0.9638494849205017
vn -0.26131969690322876 -0.03957010433077812 -0.9648265242576599
vn -0.2124677151441574 -0.3248656690120697 -0.921836793422699
vn -0.22907739877700806 -0.4772838354110718 -0.848558783531189
vn -0.28965383768081665 -0.01612115278840065 -0.9570102095603943
vn -0.26131969690322876 -0.03957010433077812 -0.9648265242576599
vn -0.25350338220596313 -0.020029311999678612 -0.9667806029319763
vn -0.004358293022960424 0.9970688819885254 -0.07572050392627716
vn 0.25944238901138306 0.3805569112300873 0.8876405358314514
vn 0.005412102676928043 0.9990229606628418 -0.03175372630357742
vn 0.25748831033706665 -0.14802148938179016 0.9550562500953674
vn 0.00443506333976984 -0.9970688819885254 0.07669766247272491
vn -0.0053353323601186275 -0.9990229606628418 0.031753845512866974
vn 0.22817713022232056 0.7997068762779236 0.5554470419883728
vn 0.25944238901138306 0.3805569112300873 0.8876405358314514
vn 0.3053632378578186 0.3590620458126068 0.8817782998085022
vn -0.3482762277126312 -0.43136295676231384 -0.8319491147994995
vn -0.48799288272857666 -0.21641425788402557 -0.8456276655197144
vn -0.465520977973938 -0.3590620458126068 -0.8085001707077026
vn -0.33068951964378357 -0.5857352018356323 -0.7391303777694702
vn -0.4420720338821411 -0.17244748771190643 -0.8798241019248962
vn -0.4323016107082367 -0.06106497347354889 -0.8993648886680603
vn -0.5094877481460571 -0.21446017920970917 -0.8339031934738159
vn -0.5505234003067017 -0.08842208236455917 -0.8299950361251831
vn 0.5369216203689575 0.7606253027915955 0.365901380777359
vn 0.45680439472198486 0.14899852871894836 0.8768931031227112
vn 0.9619338512420654 0.23595505952835083 0.1362970769405365
vn -0.2124677151441574 -0.613092303276062 -0.7606252431869507
vn -0.07177402079105377 0.8124083876609802 -0.5788958668708801
vn 0.16662363708019257 0.8104543089866638 0.5622863173484802
vn -0.0834985002875328 0.8075231909751892 -0.5847581028938293
vn 0.2780061364173889 0.7733268141746521 0.5701026320457458
vn 0.28973060846328735 0.744015634059906 -0.6013677716255188
vn 0.5369216203689575 0.7606253027915955 0.365901380777359
vn -0.1821794956922531 -0.7879824042320251 -0.5886662602424622
vn 0.3688708245754242 0.27308255434036255 0.8886175751686096
vn 0.3688708245754242 0.27308255434036255 0.8886175751686096
vn 0.44898808002471924 0.04445530101656914 0.8925257325172424
vn -0.018036846071481705 0.9931607246398926 -0.11382505297660828
vn 0.3053632378578186 0.3590620458126068 0.8817782998085022
vn -0.3433910310268402 0.023937469348311424 -0.9384464621543884
vn -0.36097773909568787 -0.005373717751353979 -0.9325842261314392
vn -0.3707481324672699 0.0034196386113762856 -0.9286760687828064
vn -0.5085107088088989 0.8446506857872009 -0.17049334943294525
vn 0.45680439472198486 0.14899852871894836 0.8768931031227112
vn -0.06102658808231354 0.9872984886169434 -0.14509031176567078
vn 0.41186055541038513 -0.04250122234225273 0.9101124405860901
vn 0.06110335886478424 -0.9872984886169434 0.14509043097496033
vn 0.3688708245754242 0.27308255434036255 0.8886175751686096
vn 0.3718019425868988 -0.08549096435308456 0.9237909913063049
vn -0.3463221490383148 -0.018075231462717056 -0.9384464621543884
vn -0.3131028115749359 0.017098192125558853 -0.9491938948631287
vn -0.3463221490383148 -0.018075231462717056 -0.9384464621543884
vn -0.3443680703639984 -0.050317537039518356 -0.9374694228172302
vn -0.31994208693504333 -0.01905227079987526 -0.9472398161888123
vn -0.3160339295864105 -0.04738641902804375 -0.9472398161888123
vn -0.3629318177700043 -0.036638982594013214 -0.9306301474571228
vn -0.35316142439842224 -0.04934049770236015 -0.9345383048057556
vn -0.36097773909568787 -0.005373717751353979 -0.9325842261314392
vn -0.3687940537929535 -0.04250122234225273 -0.9286760687828064
vn 0.31317955255508423 -0.13434293866157532 0.9404006600379944
vn 0.018113616853952408 -0.9931607246398926 0.11382517218589783
vn -0.31994208693504333 -0.01905227079987526 -0.9472398161888123
vn -0.29356199502944946 0.01123595517128706 -0.9560331702232361
vn -0.26034265756607056 -0.021006351336836815 -0.9658035635948181
vn -0.2466641068458557 -0.027845628559589386 -0.9687346816062927
vn -0.28867679834365845 -0.02296043001115322 -0.9570102095603943
vn -0.28867679834365845 -0.02296043001115322 -0.9570102095603943
vn -0.26034265756607056 0.004396677948534489 -0.9658035635948181
vn -0.38149556517601013 -0.015144113451242447 -0.9237908720970154
vn -0.4352327287197113 -0.04543234035372734 -0.8993648886680603
vn -0.4254623353481293 -0.046409379690885544 -0.9032730460166931
vn -0.409829705953598 -0.021006351336836815 -0.9120664000511169
vn -0.4068985879421234 -0.02589154802262783 -0.9130434393882751
vn -0.5837427377700806 -0.03468490391969681 -0.8114312887191772
vn -0.5720182657241821 -0.009281875565648079 -0.8202246427536011
vn 0.3718019425868988 -0.08549096435308456 0.9237909913063049
vn 0.9463012218475342 -0.18124084174633026 0.2662433385848999
vn 0.41186055541038513 -0.04250122234225273 0.9101124405860901
vn 0.44898808002471924 0.04445530101656914 0.8925257325172424
vn -0.5085107088088989 0.8446506857872009 -0.17049334943294525
vn 0.41186055541038513 -0.04250122234225273 0.9101124405860901
vn 0.44898808002471924 0.04445530101656914 0.8925257325172424
vn 0.9834287166595459 -0.02296043001115322 0.18221794068813324
vn 0.24478679895401 -0.4596971273422241 0.8534440994262695
vn 0.31317955255508423 -0.13434293866157532 0.9404006600379944
vn 0.25748831033706665 -0.14802148938179016 0.9550562500953674
vn 0.3063402771949768 -0.4255007207393646 0.8514900207519531
vn 0.16857771575450897 -0.4792379140853882 0.8612604141235352
vn 0.694225013256073 -0.46458232402801514 0.5495848059654236
vn 0.3649626672267914 -0.43233999609947205 -0.8251098394393921
vn -0.19390396773815155 -0.05422569438815117 -0.979482114315033
vn -0.1812024563550949 -0.492916464805603 -0.8514899015426636
vn -0.14993718266487122 -0.49487054347991943 -0.8553980588912964
vn -0.18901877105236053 -0.222276508808136 -0.9570102095603943
vn -0.15873055160045624 -0.14899852871894836 -0.9755739569664001
vn -0.09913112968206406 -0.22032243013381958 -0.9706887602806091
vn -0.10890153050422668 -0.3531998097896576 -0.9296531081199646
vn -0.09620001167058945 -0.5183194875717163 -0.8495358228683472
vn -0.19976620376110077 -0.02589154802262783 -0.979482114315033
vn -0.13918974995613098 -0.060087934136390686 -0.9882754683494568
vn -0.2066054791212082 -0.05520273745059967 -0.9765509963035583
vn -0.2066054791212082 -0.05520273745059967 -0.9765509963035583
vn -0.13918974995613098 -0.060087934136390686 -0.9882754683494568
vn -0.0834985002875328 -0.14606741070747375 -0.9853443503379822
vn -0.13137343525886536 -0.026868587359786034 -0.9912065863609314
vn -0.07665921747684479 -0.05715681612491608 -0.9951147437095642
vn -0.0004501346265897155 -0.21836833655834198 -0.9755739569664001
vn 0.0005269049433991313 -0.37469467520713806 -0.9276990294456482
vn 0.0005269049433991313 -0.5417684316635132 -0.8407424688339233
vn -0.0004501346265897155 -0.14509037137031555 -0.989252507686615
vn -0.07665921747684479 -0.05715681612491608 -0.9951147437095642
vn -0.07470513880252838 -0.02589154802262783 -0.9970688223838806
vn -0.0004501346265897155 -0.056179776787757874 -0.9980458617210388
vn -0.0004501346265897155 -0.056179776787757874 -0.9980458617210388
vn 0.02788401208817959 0.821201741695404 0.5701026320457458
vn 0.030815131962299347 0.43136295676231384 0.9013190865516663
vn 0.09627678245306015 0.4167073667049408 0.9042502045631409
vn 0.0005269049433991313 0.8339032530784607 0.5525159239768982
vn -0.0004501346265897155 0.42940887808799744 0.9032731652259827
vn 0.18421034514904022 0.39716657996177673 0.8993650078773499
vn 0.08650638908147812 0.80166095495224 0.5915974974632263
vn -0.09229185432195663 -0.622862696647644 -0.7772349119186401
vn -0.04148579761385918 0.816316545009613 -0.5759647488594055
vn -0.08740665763616562 -0.7948216795921326 -0.6013677716255188
vn -0.05907250940799713 0.8143624663352966 -0.5779188275337219
vn -0.1128096878528595 -0.033707864582538605 -0.9931606650352478
vn -0.1137867271900177 -0.05520273745059967 -0.9921836256980896
vn -0.15286830067634583 -0.0327308252453804 -0.9872984290122986
vn -0.04637099429965019 -0.033707864582538605 -0.9980458617210388
vn -0.0004501346265897155 -0.6199315786361694 -0.7840741872787476
vn -0.0014271741965785623 -0.7928676009178162 -0.6101611256599426
vn -0.015105728060007095 0.8143624663352966 -0.5808499455451965
vn 0.0005269049433991313 0.8104543089866638 -0.5857351422309875
vn -0.0004501346265897155 -0.033707864582538605 -0.999022901058197
vn -0.0004501346265897155 -0.05520273745059967 -0.9980458617210388
vn -0.04637099429965019 -0.05520273745059967 -0.9970688223838806
vn -0.0004501346265897155 -0.024914508685469627 -0.9999999403953552
vn -0.22321516275405884 -0.014167074114084244 -0.9745969176292419
vn -0.20367436110973358 0.0004885197849944234 -0.9785050749778748
vn -0.1430979073047638 -0.004396677948534489 -0.9902295470237732
vn -0.13039639592170715 0.0004885197849944234 -0.9912065863609314
vn 0.008343221619725227 1 0.02100641094148159
vn 0.00932026095688343 1 0.0014656189596280456
vn 0.09627678245306015 0.4167073667049408 0.9042502045631409
vn 0.09627678245306015 -0.17537860572338104 0.9794822335243225
vn -0.009243491105735302 -1 -0.0014654997503384948
vn -0.008266450837254524 -1 -0.02100629173219204
vn -0.22321516275405884 -0.014167074114084244 -0.9745969176292419
vn -0.15677647292613983 -0.007327796891331673 -0.9872984290122986
vn -0.1430979073047638 -0.004396677948534489 -0.9902295470237732
vn -0.08447553962469101 -0.0024425990413874388 -0.9960917830467224
vn -0.16263870894908905 -0.0034196386113762856 -0.9863213896751404
vn -0.09131481498479843 0.0004885197849944234 -0.9960917830467224
vn -0.0004501346265897155 -0.0014655593549832702 -0.9999999403953552
vn -0.0004501346265897155 -0.0004885197849944234 -0.9999999403953552
vn -0.07568217813968658 -0.0004885197849944234 -0.9970688223838806
vn 0.00443506333976984 1 0.029799766838550568
vn -0.0004501346265897155 0.42940887808799744 0.9032731652259827
vn -0.0004501346265897155 0.9990229606628418 0.03273088485002518
vn 0.0005269049433991313 -0.19785051047801971 0.9804592728614807
vn -0.004358293022960424 -1 -0.029799647629261017
vn 0.0005269049433991313 -0.9990229606628418 -0.03175372630357742
vn 0.030815131962299347 0.43136295676231384 0.9013190865516663
vn 0.03570032864809036 -0.1919882744550705 0.9804592728614807
vn -0.07861330360174179 -0.0014655593549832702 -0.9970688223838806
vn -0.0004501346265897155 0.0004885197849944234 -0.9999999403953552
vn -0.0004501346265897155 -0.0014655593549832702 -0.9999999403953552
vn -0.07861330360174179 -0.0014655593549832702 -0.9970688223838806
vn -0.0004501346265897155 -0.0014655593549832702 -0.9999999403953552
vn 0.18421034514904022 0.39716657996177673 0.8993650078773499
vn 0.18616442382335663 -0.1626770943403244 0.9687348008155823
vn -0.15384534001350403 -0.05520273745059967 -0.9863213896751404
vn 0.18616442382335663 -0.1626770943403244 0.9687348008155823
vn 0.0825982317328453 -0.46458232402801514 0.8817782998085022
vn 0.09627678245306015 -0.17537860572338104 0.9794822335243225
vn -0.10792448371648788 -0.5075720548629761 -0.8553980588912964
vn 0.0005269049433991313 -0.5075720548629761 0.8612604141235352
vn 0.03570032864809036 -0.1919882744550705 0.9804592728614807
vn 0.0005269049433991313 -0.19785051047801971 0.9804592728614807
vn 0.029838092625141144 -0.4909623861312866 0.8710308074951172
vn -0.0004501346265897155 -0.46946752071380615 -0.8827552199363708
vn -0.04246283695101738 -0.4909623861312866 -0.8700536489486694
vn -0.5417300462722778 -0.7518319487571716 -0.3746946156024933
vn -0.7811047434806824 -0.540791392326355 -0.3131411373615265
vn -0.6873089671134949 -0.5437225103378296 -0.482168972492218
vn -0.45672762393951416 -0.7596482634544373 -0.46360522508621216
vn -0.5417300462722778 -0.7518319487571716 -0.3746946156024933
vn -0.6873089671134949 -0.5437225103378296 -0.482168972492218
vn -0.5710412263870239 -0.5534929037094116 -0.6062529683113098
vn -0.6120768785476685 -0.7518319487571716 -0.24572539329528809
vn -0.6579977869987488 -0.7518319487571716 -0.03761596232652664
vn -0.8407041430473328 -0.5398143529891968 -0.04445524141192436
vn -0.409829705953598 -0.8964338302612305 -0.16658519208431244
vn -0.4362097680568695 -0.8993649482727051 -0.025891488417983055
vn -0.8602449297904968 -0.37664875388145447 -0.3434293568134308
vn -0.7498394846916199 -0.3883732259273529 -0.5368831753730774
vn -0.7498394846916199 -0.3883732259273529 -0.5368831753730774
vn -0.5817886590957642 -0.37078651785850525 -0.723497748374939
vn -0.9276607036590576 -0.37078651785850525 -0.04738635942339897
vn -0.3775874078273773 -0.8886175155639648 -0.26135802268981934
vn -0.09229185432195663 -0.9912066459655762 -0.09428425878286362
vn -0.1470060646533966 -0.9833903312683105 -0.10307761281728745
vn -0.32873544096946716 -0.8876404762268066 -0.3229115307331085
vn -0.45672762393951416 -0.7596482634544373 -0.46360522508621216
vn -0.26229673624038696 -0.8983879089355469 -0.3512456715106964
vn -0.16947798430919647 -0.985344409942627 -0.011235895566642284
vn -0.15775351226329803 -0.985344409942627 -0.06595011055469513
vn -0.44793426990509033 -0.5632632970809937 -0.6941865682601929
vn -0.3658629357814789 -0.7674645781517029 -0.5261357426643372
vn -0.6433421969413757 -0.748900830745697 0.15876899659633636
vn -0.4264393746852875 -0.8983879089355469 0.103077732026577
vn -0.8172551989555359 -0.5378602743148804 0.20566688477993011
vn -0.5407530069351196 -0.7479237914085388 0.38544216752052307
vn -0.6873089671134949 -0.5388373136520386 0.4870542883872986
vn -0.9003036022186279 -0.36883243918418884 0.2300928831100464
vn -0.7557017207145691 -0.36590132117271423 0.5427455306053162
vn -0.5036255121231079 -0.5417684316635132 0.672691822052002
vn -0.3717251718044281 -0.889594554901123 0.2662433385848999
vn -0.17045502364635468 -0.9843673706054688 0.0395701639354229
vn -0.034646518528461456 -0.9990229606628418 -0.00341957900673151
vn -0.17045502364635468 -0.9843673706054688 0.0395701639354229
vn -0.16947798430919647 -0.985344409942627 -0.011235895566642284
vn -0.15775351226329803 -0.985344409942627 -0.06595011055469513
vn -0.03660059720277786 -0.9990229606628418 0.009281935170292854
vn -0.15775351226329803 -0.9824132919311523 0.10014661401510239
vn -0.15775351226329803 -0.9824132919311523 0.10014661401510239
vn -0.11085560917854309 -0.9843673706054688 0.1402052342891693
vn -0.38540372252464294 -0.7518319487571716 0.5349292159080505
vn -0.26327377557754517 -0.8925256729125977 0.3668784201145172
vn -0.5534545183181763 -0.3610161244869232 0.7508549690246582
vn -0.6511585116386414 -0.23497802019119263 -0.7225207090377808
vn -0.8240944743156433 -0.046409379690885544 -0.5652173161506653
vn -0.9120280742645264 -0.20078162848949432 -0.3561308681964874
vn -0.9305918216705322 -0.04250122234225273 -0.36297014355659485
vn -0.8045536875724792 -0.21836833655834198 -0.5525158047676086
vn -0.9980075359344482 -0.040547143667936325 -0.051294516772031784
vn -0.9804208278656006 -0.1919882744550705 -0.05227155610918999
vn -0.8201863169670105 -0.005373717751353979 -0.5720565915107727
vn -0.9315688610076904 -0.005373717751353979 -0.36394718289375305
vn -0.8162781596183777 0.0024425990413874388 -0.5779188275337219
vn -0.6990334391593933 -0.012212994508445263 -0.7147043943405151
vn -0.8240944743156433 -0.046409379690885544 -0.5652173161506653
vn -0.8201863169670105 -0.005373717751353979 -0.5720565915107727
vn -0.6921941637992859 0.008304836228489876 -0.7215436697006226
vn -0.8162781596183777 0.0024425990413874388 -0.5779188275337219
vn -0.9989845752716064 0.0024425990413874388 -0.04934043809771538
vn -0.9989845752716064 -0.0014655593549832702 -0.05031747743487358
vn -0.6814467310905457 -0.06790424883365631 -0.7293599843978882
vn -0.8045536875724792 -0.21836833655834198 -0.5525158047676086
vn -0.9520866870880127 -0.1939423531293869 0.2369321584701538
vn -0.8016225695610046 -0.1949193924665451 0.5652174353599548
vn -0.9686963558197021 -0.043478261679410934 0.24377143383026123
vn -0.9686963558197021 -0.0014655593549832702 0.24767959117889404
vn -0.8153011202812195 -0.050317537039518356 0.5759648680686951
vn -0.8133470416069031 -0.006350757088512182 0.5828041434288025
vn -0.9686963558197021 0.0014655593549832702 0.24767959117889404
vn -0.5866738557815552 -0.19785051047801971 0.7850513458251953
vn -0.2994242310523987 -0.05520273745059967 0.9521251320838928
vn -0.5974212884902954 -0.05422569438815117 0.7997069358825684
vn -0.2974701523780823 -0.1939423531293869 0.9345384240150452
vn -0.5935131311416626 -0.009281875565648079 0.8045921325683594
vn -0.8123700022697449 -0.0004885197849944234 0.5837811827659607
vn -0.2974701523780823 -0.008304836228489876 0.9550562500953674
vn -0.5925360918045044 -0.0014655593549832702 0.8055691719055176
vn -0.3658629357814789 -0.7674645781517029 -0.5261357426643372
vn -0.09131481498479843 -0.990229606628418 -0.10503169149160385
vn -0.015105728060007095 -1 -0.015144053846597672
vn -0.08740665763616562 -0.9921836853027344 -0.09330721944570541
vn -0.19194988906383514 -0.9110894203186035 -0.36492422223091125
vn -0.06981994211673737 -0.9892525672912598 -0.13043472170829773
vn -0.09131481498479843 -0.990229606628418 -0.10503169149160385
vn -0.028784282505512238 -0.9990229606628418 -0.03175372630357742
vn -0.09229185432195663 -0.9912066459655762 -0.09428425878286362
vn -0.03171540051698685 -0.9990229606628418 -0.022960370406508446
vn -0.1470060646533966 -0.9833903312683105 -0.10307761281728745
vn -0.08740665763616562 -0.9921836853027344 -0.09330721944570541
vn -0.2740212082862854 -0.7772349715232849 -0.5661943554878235
vn -0.12746527791023254 -0.9198827743530273 -0.3707864582538605
vn -0.06981994211673737 -0.9892525672912598 -0.13043472170829773
vn -0.02976132184267044 -0.9921836853027344 -0.1226184070110321
vn -0.06200362741947174 -0.9306302070617676 -0.36101606488227844
vn 0.0005269049433991313 -0.9921836853027344 -0.1216413676738739
vn -0.02976132184267044 -0.9921836853027344 -0.1226184070110321
vn 0.0005269049433991313 -1 -0.029799647629261017
vn 0.0005269049433991313 -0.9921836853027344 -0.1216413676738739
vn -0.0004501346265897155 -1 0.0004885793896391988
vn -0.1821794956922531 -0.7879824042320251 -0.5886662602424622
vn -0.08740665763616562 -0.7948216795921326 -0.6013677716255188
vn -0.0004501346265897155 -0.9345383644104004 -0.35710790753364563
vn -0.0014271741965785623 -0.7928676009178162 -0.6101611256599426
vn -0.0004501346265897155 -1 -0.000488460180349648
vn -0.0004501346265897155 -1 -0.000488460180349648
vn -0.03562355786561966 -0.9990229606628418 0.029799766838550568
vn -0.11085560917854309 -0.9843673706054688 0.1402052342891693
vn -0.012174609117209911 -1 0.02784568816423416
vn -0.054187312722206116 -0.9882755279541016 0.1392281949520111
vn -0.12648823857307434 -0.9052271842956543 0.40693703293800354
vn -0.19683508574962616 -0.7547630667686462 0.6248168349266052
vn -0.0004501346265897155 -1 -0.000488460180349648
vn -0.0004501346265897155 -1 -0.000488460180349648
vn -0.0004501346265897155 -1 0.021983450278639793
vn -0.054187312722206116 -0.9882755279541016 0.1392281949520111
vn -0.0004501346265897155 -0.990229606628418 0.1382511556148529
vn -0.0004501346265897155 -0.990229606628418 0.1382511556148529
vn -0.0004501346265897155 -0.7528089880943298 0.6590132713317871
vn -0.0004501346265897155 -0.9101123809814453 0.41377630829811096
vn 0.28973060846328735 0.744015634059906 -0.6013677716255188
vn 0.7606636881828308 0.17733268439769745 -0.6238396763801575
vn 0.7802044749259949 -0.010258915834128857 -0.6257938146591187
vn -0.2740212082862854 -0.7772349715232849 -0.5661943554878235
vn 0.7606636881828308 -0.21836833655834198 -0.6111381649971008
vn -0.2095365971326828 -0.05422569438815117 -0.9765509963035583
vn -0.2066054791212082 -0.4557889699935913 -0.8661454916000366
vn 0.7606636881828308 -0.21836833655834198 -0.6111381649971008
vn -0.2124677151441574 -0.03859306126832962 -0.9765509963035583
vn -0.21442179381847382 -0.053248655050992966 -0.9755739569664001
vn -0.2134447544813156 -0.0317537859082222 -0.9765509963035583
vn -0.19194988906383514 -0.0317537859082222 -0.9804591536521912
vn 0.7802044749259949 -0.010258915834128857 -0.6257938146591187
vn -0.25350338220596313 -0.5437225103378296 0.8006839752197266
vn -0.2789064049720764 -0.350268691778183 0.8944798111915588
vn 0.7606636881828308 0.17733268439769745 -0.6238396763801575
vn -0.0004501346265897155 -0.5427454710006714 0.8397655487060547
vn -0.0004501346265897155 -0.34342941641807556 0.9394236207008362
vn -0.0004501346265897155 -0.18808011710643768 0.9824133515357971
vn -0.0004501346265897155 -0.05422569438815117 0.9990230202674866
vn -0.0004501346265897155 -0.007327796891331673 1
vn -0.29551607370376587 -0.0014655593549832702 0.9550562500953674
vn -0.9315688610076904 -0.0004885197849944234 -0.36297014355659485
vn -0.4010363519191742 -0.01612115278840065 -0.9159745573997498
vn -0.2798834443092346 0.0004885197849944234 -0.9599413275718689
vn -0.2749982476234436 -0.006350757088512182 -0.9618954062461853
vn -0.4088526666164398 0.0034196386113762856 -0.9120664000511169
vn -0.281837522983551 -0.0004885197849944234 -0.9599413275718689
vn -0.4088526666164398 -0.0004885197849944234 -0.9130434393882751
vn -0.1782713383436203 -0.0024425990413874388 -0.984367311000824
vn -0.5143729448318481 -0.060087934136390686 -0.8553980588912964
vn -0.934499979019165 -0.3317049443721771 -0.13141176104545593
vn -0.9628341197967529 -0.14704445004463196 -0.22618460655212402
vn -0.5436841249465942 -0.14997556805610657 -0.8260868787765503
vn -0.1802254170179367 -0.0004885197849944234 -0.9833902716636658
vn -0.9755356311798096 0.0024425990413874388 -0.221299409866333
vn -0.41471490263938904 0.02882266789674759 -0.9091352820396423
vn -0.2798834443092346 0.0014655593549832702 -0.9599413275718689
vn -0.3707481324672699 -0.5378602743148804 -0.7567170858383179
vn -0.7957603335380554 -0.6052759885787964 0.015144173055887222
vn -0.5817886590957642 -0.33854421973228455 -0.7391303777694702
vn -0.1812024563550949 0.0014655593549832702 -0.9833902716636658
vn -0.1802254170179367 0.0004885197849944234 -0.9833902716636658
vn -0.32580432295799255 -0.937469482421875 -0.12359544634819031
vn -0.1772942990064621 0.0004885197849944234 -0.984367311000824
vn -0.16850094497203827 0.0014655593549832702 -0.9853443503379822
vn -0.1812024563550949 -0.0004885197849944234 -0.9833902716636658
vn -0.1802254170179367 -0.0004885197849944234 -0.9833902716636658
vn -0.1802254170179367 -0.0004885197849944234 -0.9833902716636658
vn -0.5300055742263794 0.012212994508445263 -0.8475817441940308
vn -0.6746074557304382 0.012212994508445263 -0.738153338432312
vn -0.5260974168777466 -0.0024425990413874388 -0.8505128622055054
vn -0.6677681803703308 -0.0014655593549832702 -0.7440155744552612
vn -0.6648370623588562 0.004396677948534489 -0.7469466924667358
vn -0.5358678102493286 -0.0004885197849944234 -0.843673586845398
vn -0.6658141016960144 0.04836345836520195 -0.7449926137924194
vn -0.532936692237854 0.0024425990413874388 -0.8466047048568726
vn -0.6667911410331726 -0.0014655593549832702 -0.7449926137924194
vn -0.5260974168777466 0.04836345836520195 -0.848558783531189
vn -0.803576648235321 0.0004885197849944234 -0.5955055356025696
vn -0.7996684908866882 0.04836345836520195 -0.5984366536140442
vn -0.1802254170179367 -0.0004885197849944234 -0.9833902716636658
vn -0.4997173547744751 0.0014655593549832702 -0.8661454916000366
vn -0.5133959054946899 0.056179776787757874 -0.8563750982284546
vn -0.1812024563550949 0.0014655593549832702 -0.9833902716636658
vn -0.9667422771453857 0.13531997799873352 -0.2154371589422226
vn -0.914959192276001 0.3258427083492279 -0.23888611793518066
vn -0.5485693216323853 0.16756229102611542 -0.8192476034164429
vn -0.1821794956922531 0.0004885197849944234 -0.9833902716636658
vn -0.7957603335380554 0.5632632970809937 -0.2222764492034912
vn -0.26229673624038696 0.33756718039512634 -0.9042500853538513
vn -0.16850094497203827 0.33854421973228455 -0.9257449507713318
vn -0.2789064049720764 0.04543234035372734 -0.9589642882347107
vn -0.17338614165782928 0.05129457637667656 -0.9833902716636658
vn -0.5309826135635376 0.3209575116634369 -0.7840741872787476
vn -0.1812024563550949 0.0004885197849944234 -0.9833902716636658
vn -0.1802254170179367 -0.0004885197849944234 -0.9833902716636658
vn -0.1753402203321457 0.0004885197849944234 -0.984367311000824
vn -0.1821794956922531 0.0004885197849944234 -0.9833902716636658
vn -0.1821794956922531 -0.0014655593549832702 -0.9833902716636658
vn -0.3697710931301117 0.5437225103378296 -0.7537859678268433
vn -0.337528795003891 0.8524670004844666 -0.39912059903144836
vn -0.16068463027477264 0.531020998954773 -0.8319491147994995
vn -0.6619059443473816 0.1275036633014679 -0.7391303777694702
vn -0.5241433382034302 0.12164142727851868 -0.8426965475082397
vn -0.48408472537994385 0.12261846661567688 -0.8661454916000366
vn -0.5935131311416626 0.4499267339706421 -0.6668294668197632
vn -0.48115360736846924 0.44406449794769287 -0.7557400465011597
vn -0.3785644471645355 0.6941866278648376 -0.6130922436714172
vn -0.3775874078273773 0.47337567806243896 -0.795798659324646
vn -0.28867679834365845 0.7010259032249451 -0.6521738767623901
vn -0.470406174659729 0.6902784705162048 -0.549584686756134
vn -0.42253121733665466 0.060087934136390686 -0.9042500853538513
vn -0.409829705953598 0.2936003804206848 -0.863214373588562
vn -0.2466641068458557 0.5300439596176147 -0.8114312887191772
vn -0.210513636469841 0.7020029425621033 -0.6795309782028198
vn -0.28867679834365845 0.7010259032249451 -0.6521738767623901
vn -0.13137343525886536 0.9140205383300781 -0.3854420483112335
vn -0.210513636469841 0.7020029425621033 -0.6795309782028198
vn 0.2389245629310608 -0.3219345510005951 -0.9159745573997498
vn -0.1772942990064621 -0.0014655593549832702 -0.984367311000824
vn 0.18909554183483124 -0.14606741070747375 -0.9706887602806091
vn 0.7108346819877625 -0.30337077379226685 -0.6355642080307007
vn -0.09815409034490585 0.0004885197849944234 -0.9951147437095642
vn -0.1772942990064621 -0.0004885197849944234 -0.984367311000824
vn 0.049378883093595505 -0.5271128416061401 -0.848558783531189
vn -0.10108520835638046 0.0004885197849944234 -0.9951147437095642
vn -0.10401632636785507 -0.0014655593549832702 -0.994137704372406
vn 0.6834775805473328 -0.13434293866157532 -0.7176355123519897
vn -0.1772942990064621 -0.0004885197849944234 -0.984367311000824
vn 0.15489915013313293 -0.05911089479923248 -0.9863213896751404
vn -0.1782713383436203 0.0004885197849944234 -0.984367311000824
vn 0.12851908802986145 0.0004885197849944234 -0.9912065863609314
vn -0.09717705100774765 0.0024425990413874388 -0.9951147437095642
vn -0.0004501346265897155 0.0004885197849944234 -0.9999999403953552
vn -0.0004501346265897155 -0.0004885197849944234 -0.9999999403953552
vn -0.0004501346265897155 0.0024425990413874388 -0.9999999403953552
vn -0.0004501346265897155 0.0034196386113762856 -0.9999999403953552
vn -0.16166166961193085 -0.4763067960739136 -0.8641914129257202
vn -0.03562355786561966 -0.9667806625366211 -0.2535417079925537
vn 0.28777652978897095 -0.9071812629699707 -0.3063018321990967
vn 0.6873857378959656 -0.5613092184066772 -0.46165114641189575
vn 0.6697990298271179 -0.0024425990413874388 -0.7420614957809448
vn -0.1772942990064621 0.0004885197849944234 -0.984367311000824
vn 0.15294507145881653 0.14118221402168274 -0.9785050749778748
vn -0.1772942990064621 0.0014655593549832702 -0.984367311000824
vn -0.09717705100774765 0.04934049770236015 -0.994137704372406
vn 0.5447379350662231 0.4763067960739136 -0.6902784109115601
vn 0.6004291772842407 0.27601367235183716 -0.7508548498153687
vn 0.15587618947029114 0.2887151837348938 -0.9443086981773376
vn -0.1772942990064621 0.0034196386113762856 -0.984367311000824
vn 0.043516647070646286 0.5280898809432983 -0.8475817441940308
vn -0.1821794956922531 0.0014655593549832702 -0.9833902716636658
vn 0.13633540272712708 0.05520273745059967 -0.989252507686615
vn 0.646350085735321 0.12066438794136047 -0.7537859678268433
vn -0.09620001167058945 0.33463606238365173 -0.9374694228172302
vn -0.0004501346265897155 0.04934049770236015 -0.999022901058197
vn -0.0004501346265897155 0.33854421973228455 -0.9404005408287048
vn -0.15579943358898163 0.4870542287826538 -0.8593062162399292
vn 0.18323330581188202 0.8231558203697205 -0.5368831753730774
vn -0.07861330360174179 0.8524670004844666 -0.5163653492927551
vn -0.1421208679676056 0.7029799818992615 -0.6961406469345093
vn -0.08740665763616562 0.9198827743530273 -0.3815338909626007
vn -0.1421208679676056 0.7029799818992615 -0.6961406469345093
vn -0.08838369697332382 0.5280898809432983 -0.8446506261825562
vn -0.0004501346265897155 0.5271128416061401 -0.8495358228683472
vn -0.07763626426458359 0.7020029425621033 -0.7078651189804077
vn -0.0004501346265897155 0.7029799818992615 -0.7117732763290405
vn -0.07763626426458359 0.7020029425621033 -0.7078651189804077
vn -0.0004501346265897155 0.9218368530273438 -0.3873961269855499
vn -0.0004501346265897155 0.7029799818992615 -0.7117732763290405
vn -0.050279151648283005 0.9237909317016602 -0.3805568516254425
vn -0.8045536875724792 0.0004885197849944234 -0.5935514569282532
vn -0.9989845752716064 0.0024425990413874388 -0.048363398760557175
vn -0.9315688610076904 0.0004885197849944234 -0.36297014355659485
vn -0.8104159235954285 0.004396677948534489 -0.5867121815681458
vn -0.9989845752716064 0.0024425990413874388 -0.04640932008624077
vn -0.9686963558197021 0.0014655593549832702 0.24865663051605225
vn -0.8025996088981628 0.0024425990413874388 -0.5964825749397278
vn -0.9305918216705322 0.0014655593549832702 -0.36687830090522766
vn -0.9989845752716064 0.0014655593549832702 -0.045432280749082565
vn -0.929614782333374 0.0014655593549832702 -0.36785534024238586
vn -0.9989845752716064 0.0004885197849944234 -0.04640932008624077
vn -0.929614782333374 0.0014655593549832702 -0.36785534024238586
vn -0.9980075359344482 0.04543234035372734 -0.05031747743487358
vn -0.8045536875724792 0.0004885197849944234 -0.5935514569282532
vn -0.8104159235954285 0.004396677948534489 -0.5867121815681458
vn -0.8025996088981628 0.0024425990413874388 -0.5964825749397278
vn -0.803576648235321 0.0004885197849944234 -0.5955055356025696
vn -0.9266836643218994 0.04836345836520195 -0.3727405369281769
vn -0.9686963558197021 0.0014655593549832702 0.24865663051605225
vn -0.8104159235954285 -0.0004885197849944234 0.5857352614402771
vn -0.9686963558197021 0.0004885197849944234 0.24865663051605225
vn -0.967719316482544 0.043478261679410934 0.24865663051605225
vn -0.967719316482544 -0.0004885197849944234 0.25061070919036865
vn -0.8104159235954285 -0.0004885197849944234 0.5867123007774353
vn -0.8094388842582703 -0.0004885197849944234 0.5876893401145935
vn -0.590582013130188 -0.0004885197849944234 0.8065462112426758
vn -0.590582013130188 -0.0004885197849944234 0.807523250579834
vn -0.8094388842582703 0.04836345836520195 0.5847582221031189
vn -0.8084618449211121 -0.0004885197849944234 0.5876893401145935
vn -0.5896049737930298 -0.0004885197849944234 0.807523250579834
vn -0.5915590524673462 0.050317537039518356 0.8045921325683594
vn -0.5886279344558716 0.0004885197849944234 0.8085002899169922
vn -0.793806254863739 0.1275036633014679 -0.5945284962654114
vn -0.919844388961792 0.1255495846271515 -0.3707864582538605
vn -0.7996684908866882 0.04836345836520195 -0.5984366536140442
vn -0.9911682605743408 0.12164142727851868 -0.05324859544634819
vn -0.8348419070243835 0.43136295676231384 -0.3424523174762726
vn -0.7127119898796082 0.44308745861053467 -0.5437224507331848
vn -0.5681101083755493 0.6932095885276794 -0.4450414776802063
vn -0.6677681803703308 0.6902784705162048 -0.2779676914215088
vn -0.905188798904419 0.4215925633907318 -0.05324859544634819
vn -0.7283446192741394 0.6844162344932556 -0.045432280749082565
vn -0.41569194197654724 0.9091353416442871 -0.029799647629261017
vn -0.793806254863739 0.1275036633014679 -0.5945284962654114
vn -0.5681101083755493 0.6932095885276794 -0.4450414776802063
vn -0.7127119898796082 0.44308745861053467 -0.5437224507331848
vn -0.38638076186180115 0.9071812629699707 -0.16853927075862885
vn -0.3394828736782074 0.8983879089355469 -0.2799217700958252
vn -0.470406174659729 0.6902784705162048 -0.549584686756134
vn -0.15189126133918762 0.9882755279541016 -0.011235895566642284
vn -0.1450519859790802 0.9872984886169434 -0.06008787453174591
vn -0.15482237935066223 0.9872984886169434 0.03273088485002518
vn -0.41178378462791443 0.9062042236328125 0.09623845666646957
vn -0.9618570804595947 0.11968734860420227 0.24474847316741943
vn -0.8788087368011475 0.4196384847164154 0.22520768642425537
vn -0.8065077662467957 0.1255495846271515 0.5779189467430115
vn -0.7332298159599304 0.4245236814022064 0.5310210585594177
vn -0.7136890292167664 0.6785539984703064 0.17537866532802582
vn -0.6023064851760864 0.671714723110199 0.4323400557041168
vn -0.5896049737930298 0.1294577419757843 0.7967758178710938
vn -0.5368448495864868 0.42940887808799744 0.7254519462585449
vn -0.4371868371963501 0.6707376837730408 0.5994138121604919
vn -0.1411438286304474 0.985344409942627 0.09819253534078598
vn -0.35609254240989685 0.8983879089355469 0.2574499845504761
vn -0.1450519859790802 0.9833903312683105 -0.10698577016592026
vn -0.2984471917152405 0.1284807026386261 0.9462628960609436
vn -0.28476864099502563 0.8905715942382812 -0.3531997501850128
vn -0.3785644471645355 0.6941866278648376 -0.6130922436714172
vn -0.2759752869606018 0.43038591742515564 0.8593063354492188
vn -0.2964931130409241 0.04934049770236015 0.9540792107582092
vn -0.22028404474258423 0.6746458411216736 0.7049341201782227
vn -0.25545746088027954 0.8974108695983887 0.3590621054172516
vn -0.2066054791212082 0.9062042236328125 -0.36883237957954407
vn -0.15482237935066223 0.9169516563415527 -0.36785534024238586
vn -0.12258008122444153 0.9804592132568359 -0.1548607051372528
vn -0.06493474543094635 0.9882755279541016 -0.14020511507987976
vn -0.12453415989875793 0.9042501449584961 0.40791407227516174
vn -0.0004501346265897155 0.9081583023071289 0.4176844656467438
vn -0.0004501346265897155 0.6756228804588318 0.7371764183044434
vn -0.040508758276700974 0.9892525672912598 -0.13825103640556335
vn -0.01999092660844326 0.990229606628418 -0.13922807574272156
vn -0.0004501346265897155 0.990229606628418 -0.14118215441703796
vn -0.04148579761385918 0.9882755279541016 0.14606747031211853
vn -0.0004501346265897155 0.9892525672912598 0.14802154898643494
vn -0.29356199502944946 -0.0004885197849944234 0.9560332894325256
vn -0.29356199502944946 -0.0004885197849944234 0.9560332894325256
vn -0.29356199502944946 0.0004885197849944234 0.9560332894325256
vn -0.0004501346265897155 -0.0014655593549832702 1
vn -0.29453903436660767 0.0004885197849944234 0.9560332894325256
vn -0.0004501346265897155 0.04836345836520195 0.9990230202674866
vn -0.0004501346265897155 0.0004885197849944234 1
vn -0.0004501346265897155 -0.0004885197849944234 1
vn -0.0004501346265897155 -0.0004885197849944234 1
vn -0.0004501346265897155 0.0004885197849944234 1
vn -0.0004501346265897155 0.1255495846271515 0.9921837449073792
vn -0.0004501346265897155 0.42843183875083923 0.9032731652259827
vn 0.0034580237697809935 1 0.002442658646032214
vn 0.0005269049433991313 1 0.0004885793896391988
vn 0.001503944513387978 1 0.002442658646032214
vn 0.0024809841997921467 1 0.0014656189596280456
vn -0.0004501346265897155 1 -0.000488460180349648
vn -0.1450519859790802 0.9872984886169434 -0.06008787453174591
vn 0.0024809841997921467 1 0.0004885793896391988
vn -0.12258008122444153 0.9804592132568359 -0.1548607051372528
vn -0.1450519859790802 0.9833903312683105 -0.10698577016592026
vn -0.06493474543094635 0.9882755279541016 -0.14020511507987976
vn -0.15189126133918762 0.9882755279541016 -0.011235895566642284
vn -0.0004501346265897155 1 -0.000488460180349648
vn 0.0005269049433991313 1 0.002442658646032214
vn -0.0004501346265897155 1 0.0004885793896391988
vn -0.0004501346265897155 1 -0.000488460180349648
vn -0.0004501346265897155 1 -0.000488460180349648
vn -0.01999092660844326 0.990229606628418 -0.13922807574272156
vn -0.040508758276700974 0.9892525672912598 -0.13825103640556335
vn -0.0004501346265897155 1 0.0014656189596280456
vn -0.0004501346265897155 0.990229606628418 -0.14118215441703796
vn -0.0004501346265897155 1 -0.000488460180349648
vn 0.0034580237697809935 1 -0.000488460180349648
vn 0.0034580237697809935 1 -0.0024425394367426634
vn 0.001503944513387978 1 -0.0024425394367426634
vn -0.09326889365911484 0.9863214492797852 0.1343429982662201
vn -0.15482237935066223 0.9872984886169434 0.03273088485002518
vn -0.1411438286304474 0.985344409942627 0.09819253534078598
vn -0.09326889365911484 0.9863214492797852 0.1343429982662201
vn 0.0005269049433991313 1 -0.0024425394367426634
vn -0.0004501346265897155 1 -0.000488460180349648
vn -0.0004501346265897155 1 -0.000488460180349648
vn -0.0004501346265897155 1 -0.0024425394367426634
vn -0.04148579761385918 0.9882755279541016 0.14606747031211853
vn -0.0004501346265897155 0.9892525672912598 0.14802154898643494
vn 0.00443506333976984 -1 -0.02784556895494461
vn 0.08357527107000351 -0.14509037137031555 -0.9863213896751404
vn 0.10018493980169296 -0.22129946947097778 -0.9697117209434509
vn 0.15978436172008514 -0.14899852871894836 -0.9755739569664001
vn 0.109955333173275 -0.355153888463974 -0.9286760687828064
vn 0.09725382179021835 -0.5183194875717163 -0.8495358228683472
vn 0.07673598825931549 -0.05715681612491608 -0.9951147437095642
vn 0.07478190958499908 -0.02589154802262783 -0.9970688223838806
vn 0.07673598825931549 -0.05715681612491608 -0.9951147437095642
vn 0.13926652073860168 -0.060087934136390686 -0.9882754683494568
vn 0.13145020604133606 -0.026868587359786034 -0.9912065863609314
vn 0.13926652073860168 -0.060087934136390686 -0.9882754683494568
vn -0.030738361179828644 0.43136295676231384 0.9013190865516663
vn -0.027807243168354034 0.821201741695404 0.5701026320457458
vn -0.09620001167058945 0.4167073667049408 0.9042502045631409
vn 0.18909554183483124 -0.2232535481452942 -0.9560331702232361
vn 0.21352152526378632 -0.3287738263607025 -0.9198827147483826
vn 0.26335054636001587 -0.22129946947097778 -0.9384464621543884
vn 0.23013120889663696 -0.47532975673675537 -0.8495358228683472
vn 0.22720009088516235 -0.14118221402168274 -0.9638494849205017
vn 0.2057052105665207 -0.05520273745059967 -0.9765509963035583
vn 0.19984297454357147 -0.02589154802262783 -0.979482114315033
vn 0.2057052105665207 -0.05520273745059967 -0.9765509963035583
vn 0.26139646768569946 -0.03957010433077812 -0.9648265242576599
vn 0.25358015298843384 -0.020029311999678612 -0.9667806029319763
vn 0.26139646768569946 -0.03957010433077812 -0.9648265242576599
vn -0.08642961829900742 0.80166095495224 0.5915974974632263
vn -0.18413357436656952 0.39716657996177673 0.8993650078773499
vn 0.09236862510442734 -0.6199315786361694 -0.7791889905929565
vn 0.015182498842477798 0.8143624663352966 -0.5808499455451965
vn 0.08650638908147812 -0.7938446402549744 -0.602344810962677
vn 0.04058552905917168 0.816316545009613 -0.5759647488594055
vn 0.046447765082120895 -0.033707864582538605 -0.9980458617210388
vn 0.046447765082120895 -0.05520273745059967 -0.9970688223838806
vn 0.1128864586353302 -0.033707864582538605 -0.9931606650352478
vn 0.21449856460094452 -0.6091841459274292 -0.7635563611984253
vn 0.05817224085330963 0.8143624663352966 -0.5779188275337219
vn -0.16654686629772186 0.8104543089866638 0.5622863173484802
vn 0.18225626647472382 -0.7870053648948669 -0.5886662602424622
vn -0.25838857889175415 0.3805569112300873 0.8876405358314514
vn 0.07185079157352448 0.8124083876609802 -0.5788958668708801
vn 0.1138634979724884 -0.05520273745059967 -0.9921836256980896
vn 0.15294507145881653 -0.0327308252453804 -0.9872984290122986
vn 0.07478190958499908 -0.0004885197849944234 -0.9970688223838806
vn -0.004358293022960424 1 0.03077680617570877
vn 0.007366181816905737 -1 -0.019052211195230484
vn -0.03562355786561966 -0.1910112351179123 0.9804592728614807
vn -0.008266450837254524 1 0.02100641094148159
vn -0.030738361179828644 0.43136295676231384 0.9013190865516663
vn 0.0786900669336319 -0.0014655593549832702 -0.9970688223838806
vn 0.13047316670417786 0.0004885197849944234 -0.9912065863609314
vn 0.0786900669336319 -0.0014655593549832702 -0.9970688223838806
vn 0.08357527107000351 -0.0014655593549832702 -0.9960917830467224
vn 0.1421976387500763 -0.005373717751353979 -0.9902295470237732
vn 0.1421976387500763 -0.005373717751353979 -0.9902295470237732
vn 0.09041454643011093 0.0004885197849944234 -0.9960917830467224
vn 0.15685322880744934 -0.007327796891331673 -0.9872984290122986
vn 0.20375113189220428 0.0004885197849944234 -0.9785050749778748
vn 0.22426897287368774 -0.015144113451242447 -0.9745969176292419
vn 0.26041942834854126 0.004396677948534489 -0.9658035635948181
vn 0.00932026095688343 -1 -0.0014654997503384948
vn -0.09620001167058945 -0.17537860572338104 0.9794822335243225
vn -0.09620001167058945 0.4167073667049408 0.9042502045631409
vn -0.009243491105735302 1 0.0014656189596280456
vn 0.28875356912612915 -0.02296043001115322 -0.9570102095603943
vn 0.22426897287368774 -0.015144113451242447 -0.9745969176292419
vn 0.16271547973155975 -0.0034196386113762856 -0.9863213896751404
vn 0.24674087762832642 -0.027845628559589386 -0.9687346816062927
vn 0.28875356912612915 -0.02296043001115322 -0.9570102095603943
vn -0.03562355786561966 -0.1910112351179123 0.9804592728614807
vn -0.09620001167058945 -0.17537860572338104 0.9794822335243225
vn -0.02976132184267044 -0.4909623861312866 0.8710308074951172
vn 0.04253960773348808 -0.4919394254684448 -0.8700536489486694
vn -0.0825214609503746 -0.46458232402801514 0.8817782998085022
vn 0.10702421516180038 -0.5075720548629761 -0.8553980588912964
vn -0.18608765304088593 -0.1626770943403244 0.9687348008155823
vn -0.18608765304088593 -0.1626770943403244 0.9687348008155823
vn -0.18413357436656952 0.39716657996177673 0.8993650078773499
vn -0.0053353323601186275 0.9990229606628418 -0.03175372630357742
vn 0.005412102676928043 -0.9990229606628418 0.031753845512866974
vn -0.25838857889175415 0.3805569112300873 0.8876405358314514
vn -0.25741153955459595 -0.14802148938179016 0.9550562500953674
vn 0.15392211079597473 -0.05520273745059967 -0.9863213896751404
vn 0.15001395344734192 -0.49487054347991943 -0.8553980588912964
vn -0.16850094497203827 -0.4792379140853882 0.8612604141235352
vn -0.25741153955459595 -0.14802148938179016 0.9550562500953674
vn 0.19398073852062225 -0.05422569438815117 -0.979482114315033
vn 0.1812792271375656 -0.492916464805603 -0.8514899015426636
vn 0.00443506333976984 0.9970688819885254 -0.07572050392627716
vn 0.28777652978897095 -0.11675623059272766 -0.9501709342002869
vn 0.3395596444606781 -0.20664386451244354 -0.9179286360740662
vn 0.2985239624977112 -0.02589154802262783 -0.9540790915489197
vn 0.3376055657863617 -0.10210063308477402 -0.9355153441429138
vn 0.3141566216945648 -0.2936003804206848 -0.9032730460166931
vn -0.0053353323601186275 -0.9970688819885254 0.07669766247272491
vn 0.28973060846328735 -0.01612115278840065 -0.9570102095603943
vn 0.2985239624977112 -0.02589154802262783 -0.9540790915489197
vn 0.3053632378578186 -0.017098192125558853 -0.9521250128746033
vn -0.22810035943984985 0.7997068762779236 0.5554470419883728
vn -0.3062635064125061 0.3590620458126068 0.8817782998085022
vn 0.018113616853952408 0.9931607246398926 -0.11382505297660828
vn -0.3062635064125061 0.3590620458126068 0.8817782998085022
vn 0.32490405440330505 -0.0317537859082222 -0.9452857375144958
vn 0.32490405440330505 -0.0317537859082222 -0.9452857375144958
vn 0.38841161131858826 -0.09135320037603378 -0.916951596736908
vn 0.4079523980617523 -0.21348313987255096 -0.8876404166221619
vn 0.4089294373989105 -0.2545188069343567 -0.8768929839134216
vn 0.3454218804836273 0.017098192125558853 -0.9384464621543884
vn 0.35812339186668396 0.004396677948534489 -0.9335612654685974
vn 0.3454218804836273 0.017098192125558853 -0.9384464621543884
vn 0.3669167459011078 0.021006351336836815 -0.9306301474571228
vn 0.3424907624721527 0.024914508685469627 -0.9394235014915466
vn 0.3424907624721527 0.024914508685469627 -0.9394235014915466
vn 0.3952508866786957 -0.03859306126832962 -0.9179286360740662
vn 0.3473759591579437 -0.43038591742515564 -0.8329261541366577
vn 0.3307662904262543 -0.5828040838241577 -0.7420614957809448
vn 0.08357527107000351 0.806546151638031 -0.5847581028938293
vn -0.2779293656349182 0.7733268141746521 0.5701026320457458
vn -0.28965383768081665 0.7430385947227478 -0.6033218502998352
vn -0.5368448495864868 0.7606253027915955 0.3649243414402008
vn -0.3697710931301117 0.27308255434036255 0.8886175751686096
vn -0.5368448495864868 0.7606253027915955 0.3649243414402008
vn -0.45672762393951416 0.14899852871894836 0.8768931031227112
vn -0.3697710931301117 0.27308255434036255 0.8886175751686096
vn -0.9618570804595947 0.23497802019119263 0.1372741162776947
vn -0.44891130924224854 0.04543234035372734 0.8925257325172424
vn 0.48806965351104736 -0.21641425788402557 -0.8456276655197144
vn 0.4655977487564087 -0.3571079671382904 -0.810454249382019
vn 0.4421488046646118 -0.17244748771190643 -0.8798241019248962
vn 0.4323783814907074 -0.06106497347354889 -0.8993648886680603
vn 0.5095645189285278 -0.21543721854686737 -0.8329261541366577
vn 0.5506001710891724 -0.08842208236455917 -0.8299950361251831
vn -0.018036846071481705 -0.9931607246398926 0.11382517218589783
vn -0.3131028115749359 -0.13434293866157532 0.9404006600379944
vn -0.3697710931301117 0.27308255434036255 0.8886175751686096
vn 0.062080398201942444 0.9872984886169434 -0.14509031176567078
vn -0.06200362741947174 -0.9872984886169434 0.14509043097496033
vn -0.3717251718044281 -0.08549096435308456 0.9247680306434631
vn 0.31317955255508423 0.017098192125558853 -0.9491938948631287
vn 0.29363876581192017 0.01123595517128706 -0.9560331702232361
vn 0.32001885771751404 -0.01905227079987526 -0.9472398161888123
vn 0.3161107003688812 -0.04738641902804375 -0.9472398161888123
vn 0.26041942834854126 -0.021006351336836815 -0.9658035635948181
vn 0.32001885771751404 -0.01905227079987526 -0.9472398161888123
vn 0.3463989198207855 -0.018075231462717056 -0.9374694228172302
vn -0.45672762393951416 0.14899852871894836 0.8768931031227112
vn 0.3747330605983734 0.0004885197849944234 -0.92672199010849
vn 0.36105450987815857 -0.007327796891331673 -0.9325842261314392
vn 0.3424907624721527 0.024914508685469627 -0.9394235014915466
vn -0.9432933330535889 0.2828529477119446 -0.17537854611873627
vn -0.4108067452907562 -0.04250122234225273 0.9110894799232483
vn 0.36105450987815857 -0.007327796891331673 -0.9325842261314392
vn 0.38157233595848083 -0.015144113451242447 -0.9247679114341736
vn 0.3444448411464691 -0.050317537039518356 -0.9374694228172302
vn 0.3463989198207855 -0.018075231462717056 -0.9374694228172302
vn 0.363008588552475 -0.036638982594013214 -0.9306301474571228
vn 0.3688708245754242 -0.043478261679410934 -0.9286760687828064
vn 0.35323819518089294 -0.04934049770236015 -0.9345383048057556
vn -0.44891130924224854 0.04543234035372734 0.8925257325172424
vn -0.9462244510650635 -0.18221788108348846 0.2662433385848999
vn -0.3717251718044281 -0.08549096435308456 0.9247680306434631
vn -0.4108067452907562 -0.04250122234225273 0.9110894799232483
vn -0.9833519458770752 -0.02296043001115322 0.18221794068813324
vn -0.3131028115749359 -0.13434293866157532 0.9404006600379944
vn -0.2447100281715393 -0.4596971273422241 0.8534440994262695
vn -0.3062635064125061 -0.4255007207393646 0.8514900207519531
vn -0.6921941637992859 -0.46555936336517334 0.55153888463974
vn -0.36195477843284607 -0.43331703543663025 -0.8251098394393921
vn 0.435309499502182 -0.04543234035372734 -0.8993648886680603
vn 0.4255391061306 -0.046409379690885544 -0.9032730460166931
vn 0.4099064767360687 -0.021006351336836815 -0.9120664000511169
vn 0.4069753587245941 -0.02589154802262783 -0.9130434393882751
vn 0.5720950365066528 -0.009281875565648079 -0.8202246427536011
vn 0.5838195085525513 -0.03468490391969681 -0.8114312887191772
vn -0.7615639567375183 -0.21836833655834198 -0.6101611256599426
vn 0.030815131962299347 -0.9921836853027344 -0.1226184070110321
vn 0.06110335886478424 -0.9306302070617676 -0.36003902554512024
vn 0.030815131962299347 -0.9921836853027344 -0.1226184070110321
vn 0.06989671289920807 -0.9892525672912598 -0.13043472170829773
vn 0.029838092625141144 -0.9990229606628418 -0.03370780497789383
vn 0.09041454643011093 -0.990229606628418 -0.10405465215444565
vn 0.015182498842477798 -1 -0.015144053846597672
vn 0.12754204869270325 -0.9198827743530273 -0.36980941891670227
vn 0.06989671289920807 -0.9892525672912598 -0.13043472170829773
vn 0.08650638908147812 -0.7938446402549744 -0.602344810962677
vn 0.18225626647472382 -0.7870053648948669 -0.5886662602424622
vn 0.19202665984630585 -0.9110894203186035 -0.36394718289375305
vn 0.09041454643011093 -0.990229606628418 -0.10405465215444565
vn 0.08650638908147812 -0.9921836853027344 -0.09428425878286362
vn 0.26139646768569946 -0.8993649482727051 -0.3502686321735382
vn 0.08650638908147812 -0.9921836853027344 -0.09428425878286362
vn 0.09236862510442734 -0.9912066459655762 -0.09428425878286362
vn 0.03179217129945755 -0.9990229606628418 -0.022960370406508446
vn 0.1461057960987091 -0.9833903312683105 -0.10307761281728745
vn 0.32881221175193787 -0.8876404762268066 -0.3229115307331085
vn 0.09236862510442734 -0.9912066459655762 -0.09428425878286362
vn 0.2740979790687561 -0.7762579321861267 -0.5671713948249817
vn 0.3669167459011078 -0.7664875388145447 -0.5271127820014954
vn 0.15685322880744934 -0.985344409942627 -0.06595011055469513
vn -0.0004501346265897155 -1 -0.000488460180349648
vn -0.0004501346265897155 -1 0.0004885793896391988
vn 0.012251379899680614 -1 0.02784568816423416
vn 0.05426407977938652 -0.9892525672912598 0.1392281949520111
vn 0.12558797001838684 -0.9052271842956543 0.40693703293800354
vn -0.0004501346265897155 -0.990229606628418 0.1382511556148529
vn 0.05426407977938652 -0.9892525672912598 0.1392281949520111
vn 0.1109323799610138 -0.9843673706054688 0.1402052342891693
vn 0.26335054636001587 -0.8925256729125977 0.3668784201145172
vn -0.0004501346265897155 -0.7528089880943298 0.6590132713317871
vn -0.0004501346265897155 -0.9101123809814453 0.41377630829811096
vn 0.03570032864809036 -0.9990229606628418 0.029799766838550568
vn 0.03472328931093216 -0.9990229606628418 -0.00341957900673151
vn 0.036677367985248566 -0.9990229606628418 0.009281935170292854
vn 0.16955475509166718 -0.9843673706054688 0.0395701639354229
vn 0.15783028304576874 -0.9824132919311523 0.10014661401510239
vn 0.1109323799610138 -0.9843673706054688 0.1402052342891693
vn 0.3718019425868988 -0.889594554901123 0.2652662992477417
vn 0.19691185653209686 -0.7547630667686462 0.6257939338684082
vn 0.19202665984630585 -0.0317537859082222 -0.9804591536521912
vn 0.21352152526378632 -0.0317537859082222 -0.9765509963035583
vn 0.21449856460094452 -0.053248655050992966 -0.9755739569664001
vn 0.2066822499036789 -0.4557889699935913 -0.8651684522628784
vn 0.2096133679151535 -0.053248655050992966 -0.9765509963035583
vn 0.2125444859266281 -0.03957010433077812 -0.9765509963035583
vn -0.28965383768081665 0.7430385947227478 -0.6033218502998352
vn 0.44801104068756104 -0.5622862577438354 -0.6951636075973511
vn -0.7625409960746765 0.17733268439769745 -0.6218855977058411
vn 0.2740979790687561 -0.7762579321861267 -0.5671713948249817
vn -0.779150664806366 -0.010258915834128857 -0.6267708539962769
vn -0.7615639567375183 -0.21836833655834198 -0.6101611256599426
vn -0.779150664806366 -0.010258915834128857 -0.6267708539962769
vn -0.0004501346265897155 -0.5427454710006714 0.8397655487060547
vn 0.25358015298843384 -0.5427454710006714 0.8006839752197266
vn 0.2789831757545471 -0.350268691778183 0.8944798111915588
vn -0.0004501346265897155 -0.34342941641807556 0.9394236207008362
vn -0.0004501346265897155 -0.18808011710643768 0.9824133515357971
vn 0.297546923160553 -0.1939423531293869 0.9345384240150452
vn 0.2995010018348694 -0.05520273745059967 0.9521251320838928
vn -0.0004501346265897155 -0.05422569438815117 0.9990230202674866
vn 0.297546923160553 -0.008304836228489876 0.9550562500953674
vn -0.7625409960746765 0.17733268439769745 -0.6218855977058411
vn -0.0004501346265897155 -0.007327796891331673 1
vn 0.2955928444862366 -0.0014655593549832702 0.9550562500953674
vn 0.3669167459011078 -0.7664875388145447 -0.5271127820014954
vn 0.45778143405914307 -0.758671224117279 -0.46360522508621216
vn 0.38645753264427185 -0.7508549094200134 0.5349292159080505
vn 0.5037022829055786 -0.540791392326355 0.6736688613891602
vn 0.553531289100647 -0.360039085149765 0.7508549690246582
vn 0.5877276659011841 -0.1968734711408615 0.7850513458251953
vn 0.5935899019241333 -0.009281875565648079 0.8045921325683594
vn 0.3766871392726898 -0.8886175155639648 -0.26135802268981934
vn 0.1461057960987091 -0.9833903312683105 -0.10307761281728745
vn 0.4099064767360687 -0.8964338302612305 -0.16756223142147064
vn 0.15685322880744934 -0.985344409942627 -0.06595011055469513
vn 0.16955475509166718 -0.985344409942627 -0.011235895566642284
vn 0.5418068170547485 -0.7518319487571716 -0.3756716549396515
vn 0.5818654298782349 -0.37176355719566345 -0.723497748374939
vn 0.5711179971694946 -0.5525158643722534 -0.6062529683113098
vn 0.45778143405914307 -0.758671224117279 -0.46360522508621216
vn 0.6873857378959656 -0.5427454710006714 -0.482168972492218
vn 0.5418068170547485 -0.7518319487571716 -0.3756716549396515
vn 0.6873857378959656 -0.5427454710006714 -0.482168972492218
vn 0.7811815142631531 -0.5398143529891968 -0.3131411373615265
vn 0.6121536493301392 -0.7508549094200134 -0.24572539329528809
vn 0.4362865388393402 -0.8993649482727051 -0.024914449080824852
vn 0.8407809138298035 -0.5398143529891968 -0.04445524141192436
vn 0.6590515971183777 -0.7518319487571716 -0.03663892298936844
vn 0.7499162554740906 -0.3873961865901947 -0.5359061360359192
vn 0.7499162554740906 -0.3873961865901947 -0.5359061360359192
vn 0.8603217005729675 -0.37664875388145447 -0.3434293568134308
vn 0.9267604351043701 -0.37274059653282166 -0.048363398760557175
vn 0.16955475509166718 -0.985344409942627 -0.011235895566642284
vn 0.16955475509166718 -0.9843673706054688 0.0395701639354229
vn 0.15783028304576874 -0.9824132919311523 0.10014661401510239
vn 0.4265161454677582 -0.8983879089355469 0.103077732026577
vn 0.5418068170547485 -0.7469467520713806 0.38544216752052307
vn 0.7557784914970398 -0.36492428183555603 0.5427455306053162
vn 0.6434189677238464 -0.748900830745697 0.15876899659633636
vn 0.6873857378959656 -0.5388373136520386 0.4870542883872986
vn 0.8173319697380066 -0.5378602743148804 0.20566688477993011
vn 0.8994033336639404 -0.37078651785850525 0.2300928831100464
vn 0.6512352824211121 -0.23497802019119263 -0.7215436697006226
vn 0.6815235018730164 -0.06790424883365631 -0.7293599843978882
vn 0.80463045835495 -0.21836833655834198 -0.5525158047676086
vn 0.699110209941864 -0.012212994508445263 -0.7147043943405151
vn 0.6922709345817566 0.008304836228489876 -0.7215436697006226
vn 0.8202630877494812 -0.005373717751353979 -0.5710795521736145
vn 0.824171245098114 -0.046409379690885544 -0.5652173161506653
vn 0.80463045835495 -0.21836833655834198 -0.5525158047676086
vn 0.9121048450469971 -0.20078162848949432 -0.3561308681964874
vn 0.824171245098114 -0.046409379690885544 -0.5652173161506653
vn 0.9306685924530029 -0.04152418300509453 -0.36297014355659485
vn 0.9804975986480713 -0.1919882744550705 -0.051294516772031784
vn 0.998084306716919 -0.03859306126832962 -0.05227155610918999
vn 0.8202630877494812 -0.005373717751353979 -0.5710795521736145
vn 0.8153778910636902 0.0024425990413874388 -0.5788958668708801
vn 0.8153778910636902 0.0024425990413874388 -0.5788958668708801
vn 0.9316456317901611 -0.005373717751353979 -0.36394718289375305
vn 0.9316456317901611 -0.0004885197849944234 -0.36297014355659485
vn 0.9990613460540771 0.0024425990413874388 -0.04934043809771538
vn 0.9990613460540771 -0.0014655593549832702 -0.05031747743487358
vn 0.8016993403434753 -0.1949193924665451 0.5652174353599548
vn 0.8153778910636902 -0.050317537039518356 0.5759648680686951
vn 0.9521634578704834 -0.1939423531293869 0.237909197807312
vn 0.5974980592727661 -0.05422569438815117 0.7997069358825684
vn 0.9687731266021729 -0.04250122234225273 0.24377143383026123
vn 0.8124467730522156 -0.0004885197849944234 0.5828041434288025
vn 0.8134238123893738 -0.007327796891331673 0.5818271040916443
vn 0.9687731266021729 -0.0014655593549832702 0.24767959117889404
vn 0.5926128625869751 -0.0014655593549832702 0.8055691719055176
vn 0.9687731266021729 0.0014655593549832702 0.24767959117889404
vn 0.09823086112737656 0.0004885197849944234 -0.9951147437095642
vn 0.10409309715032578 -0.0014655593549832702 -0.994137704372406
vn 0.16760067641735077 0.0004885197849944234 -0.9853443503379822
vn 0.10116197913885117 0.0004885197849944234 -0.9951147437095642
vn 0.09725382179021835 0.0024425990413874388 -0.9951147437095642
vn 0.1773710697889328 0.0004885197849944234 -0.984367311000824
vn 0.178348109126091 -0.0024425990413874388 -0.984367311000824
vn -0.22126108407974243 -0.3160723149776459 -0.9228138327598572
vn -0.6961023211479187 -0.30043965578079224 -0.6521738767623901
vn -0.17240910232067108 -0.14215925335884094 -0.9745969176292419
vn 0.18323330581188202 -0.0004885197849944234 -0.9833902716636658
vn 0.18225626647472382 0.0014655593549832702 -0.9833902716636658
vn -0.040508758276700974 -0.5241817235946655 -0.8505128622055054
vn 0.18421034514904022 -0.0004885197849944234 -0.9833902716636658
vn -0.15677647292613983 -0.05715681612491608 -0.9863213896751404
vn -0.6941482424736023 -0.1265266239643097 -0.7088421583175659
vn -0.16166166961193085 0.0034196386113762856 -0.9872984290122986
vn 0.18421034514904022 0.0004885197849944234 -0.9833902716636658
vn 0.18323330581188202 -0.0004885197849944234 -0.9833902716636658
vn 0.18323330581188202 -0.0004885197849944234 -0.9833902716636658
vn -0.6755844950675964 -0.5593551397323608 -0.4811919331550598
vn 0.1754169911146164 0.0004885197849944234 -0.984367311000824
vn 0.18323330581188202 0.0004885197849944234 -0.9833902716636658
vn 0.18421034514904022 0.0004885197849944234 -0.9833902716636658
vn -0.2789064049720764 -0.9062042236328125 -0.3170492947101593
vn 0.039608485996723175 -0.9667806625366211 -0.2535417079925537
vn 0.16760067641735077 -0.4772838354110718 -0.863214373588562
vn 0.32978925108909607 -0.937469482421875 -0.10991689562797546
vn 0.2740979790687561 -0.006350757088512182 -0.9618954062461853
vn 0.2799602150917053 0.0004885197849944234 -0.9599413275718689
vn 0.3786412179470062 -0.5427454710006714 -0.7498778104782104
vn 0.18714146316051483 0.0004885197849944234 -0.9824132323265076
vn 0.2799602150917053 0.0004885197849944234 -0.9599413275718689
vn 0.18714146316051483 -0.0014655593549832702 -0.9824132323265076
vn -0.721505343914032 0.005373717751353979 -0.6922324895858765
vn 0.09627678245306015 0.04934049770236015 -0.994137704372406
vn -0.18608765304088593 0.0639960914850235 -0.9804591536521912
vn -0.7185742259025574 0.1304347813129425 -0.6824620962142944
vn 0.18421034514904022 -0.0004885197849944234 -0.9833902716636658
vn 0.09627678245306015 0.33463606238365173 -0.9374694228172302
vn -0.20367436110973358 0.1636541336774826 -0.9658035635948181
vn -0.6706992983818054 0.29946261644363403 -0.6785539388656616
vn 0.1734629124403 0.05129457637667656 -0.9833902716636658
vn 0.18421034514904022 -0.0004885197849944234 -0.9833902716636658
vn 0.18421034514904022 0.0004885197849944234 -0.9824132323265076
vn 0.18518738448619843 0.0004885197849944234 -0.9824132323265076
vn -0.6023064851760864 0.49584758281707764 -0.6257938146591187
vn -0.19292692840099335 0.30630189180374146 -0.931607186794281
vn 0.18421034514904022 0.0014655593549832702 -0.9824132323265076
vn -0.0483250729739666 0.5232046842575073 -0.8505128622055054
vn 0.18518738448619843 0.0014655593549832702 -0.9824132323265076
vn -0.19781212508678436 0.8133854269981384 -0.5466535687446594
vn 0.08846046775579453 0.5280898809432983 -0.8446506261825562
vn 0.16857771575450897 0.33854421973228455 -0.9257449507713318
vn 0.0777130275964737 0.7020029425621033 -0.7078651189804077
vn 0.1421976387500763 0.7029799818992615 -0.6961406469345093
vn 0.16076140105724335 0.531020998954773 -0.8319491147994995
vn 0.0777130275964737 0.7020029425621033 -0.7078651189804077
vn 0.05035592243075371 0.9237909317016602 -0.3805568516254425
vn 0.1421976387500763 0.7029799818992615 -0.6961406469345093
vn 0.08748342841863632 0.9198827743530273 -0.3815338909626007
vn 0.372778981924057 0.5339521169662476 -0.7586711645126343
vn 0.16760067641735077 0.4763067960739136 -0.863214373588562
vn 0.18909554183483124 0.0014655593549832702 -0.9824132323265076
vn 0.18909554183483124 0.0024425990413874388 -0.9814361929893494
vn 0.09334566444158554 0.8407425284385681 -0.5329750180244446
vn 0.3395596444606781 0.8466047644615173 -0.4108450710773468
vn 0.2096133679151535 0.7020029425621033 -0.680508017539978
vn 0.2096133679151535 0.7020029425621033 -0.680508017539978
vn 0.5965210199356079 -0.34538349509239197 -0.7244747877120972
vn 0.7948600649833679 -0.6052759885787964 0.0395701639354229
vn 0.18714146316051483 -0.0014655593549832702 -0.9824132323265076
vn 0.558416485786438 -0.15388372540473938 -0.8153394460678101
vn 0.9365308284759521 -0.33365902304649353 -0.10600873082876205
vn 0.28191429376602173 -0.0004885197849944234 -0.9589642882347107
vn 0.4011131227016449 -0.01612115278840065 -0.9159745573997498
vn 0.4089294373989105 -0.0004885197849944234 -0.9130434393882751
vn 0.4089294373989105 0.0034196386113762856 -0.9120664000511169
vn 0.515426754951477 -0.06204201281070709 -0.8544210195541382
vn 0.9629108905792236 -0.15486076474189758 -0.221299409866333
vn 0.41479167342185974 0.02882266789674759 -0.9091352820396423
vn 0.5300823450088501 0.012212994508445263 -0.8475817441940308
vn 0.5251971483230591 -0.0024425990413874388 -0.8505128622055054
vn 0.5261741876602173 0.04836345836520195 -0.848558783531189
vn 0.5359445810317993 -0.0004885197849944234 -0.8446506261825562
vn 0.5330134630203247 0.0014655593549832702 -0.8466047048568726
vn 0.6746842265129089 0.012212994508445263 -0.738153338432312
vn 0.6678449511528015 -0.0014655593549832702 -0.7440155744552612
vn 0.6649138331413269 0.004396677948534489 -0.7469466924667358
vn 0.6658908724784851 0.04836345836520195 -0.7449926137924194
vn 0.6668679118156433 -0.0014655593549832702 -0.7449926137924194
vn 0.7997452616691589 0.04836345836520195 -0.5994136929512024
vn 0.8036534190177917 0.0004885197849944234 -0.5955055356025696
vn 0.9668190479278564 -0.004396677948534489 -0.2554957866668701
vn 0.18714146316051483 0.0014655593549832702 -0.9824132323265076
vn 0.18616442382335663 0.0004885197849944234 -0.9824132323265076
vn 0.5183578729629517 0.30923300981521606 -0.7967756986618042
vn 0.5222660303115845 0.1558378040790558 -0.8387883901596069
vn 0.7909519076347351 0.560332179069519 -0.24572539329528809
vn 0.2789831757545471 0.04543234035372734 -0.9589642882347107
vn 0.47927629947662354 0.050317537039518356 -0.8759159445762634
vn 0.4763451814651489 0.0004885197849944234 -0.878847062587738
vn 0.955094575881958 0.1314118206501007 -0.26722025871276855
vn 0.9052655696868896 0.3190034329891205 -0.2808988094329834
vn 0.26139646768569946 0.33756718039512634 -0.9042500853538513
vn 0.4099064767360687 0.2936003804206848 -0.863214373588562
vn 0.42260798811912537 0.060087934136390686 -0.9042500853538513
vn 0.48513853549957275 0.12261846661567688 -0.8661454916000366
vn 0.377664178609848 0.47435271739959717 -0.795798659324646
vn 0.24674087762832642 0.5300439596176147 -0.8114312887191772
vn 0.28875356912612915 0.7010259032249451 -0.6521738767623901
vn 0.13145020604133606 0.9130434989929199 -0.3854420483112335
vn 0.28875356912612915 0.7010259032249451 -0.6521738767623901
vn 0.5242201089859009 0.12164142727851868 -0.8426965475082397
vn 0.6619827151298523 0.1275036633014679 -0.738153338432312
vn 0.5935899019241333 0.4499267339706421 -0.6668294668197632
vn 0.48123037815093994 0.44406449794769287 -0.7557400465011597
vn 0.3786412179470062 0.6941866278648376 -0.6130922436714172
vn 0.4704829454421997 0.6902784705162048 -0.549584686756134
vn 0.80463045835495 0.0014655593549832702 -0.5945284962654114
vn 0.15489915013313293 0.9169516563415527 -0.36785534024238586
vn 0.22036081552505493 0.6746458411216736 0.7049341201782227
vn 0.25553423166275024 0.8974108695983887 0.3590621054172516
vn 0.12461093068122864 0.9042501449584961 0.40791407227516174
vn -0.0004501346265897155 0.9081583023071289 0.4176844656467438
vn -0.0004501346265897155 0.6756228804588318 0.7371764183044434
vn 0.2760520577430725 0.43038591742515564 0.8593063354492188
vn 0.4372635781764984 0.6707376837730408 0.5994138121604919
vn -0.0004501346265897155 0.9892525672912598 0.14802154898643494
vn 0.020067695528268814 0.990229606628418 -0.13922807574272156
vn 0.04058552905917168 0.9892525672912598 -0.13825103640556335
vn 0.06501151621341705 0.9882755279541016 -0.14020511507987976
vn 0.2066822499036789 0.9062042236328125 -0.36883237957954407
vn 0.04156256839632988 0.9882755279541016 0.14606747031211853
vn 0.28484541177749634 0.8905715942382812 -0.3531997501850128
vn 0.3786412179470062 0.6941866278648376 -0.6130922436714172
vn 0.5369216203689575 0.42940887808799744 0.7264289855957031
vn 0.2985239624977112 0.1284807026386261 0.9462628960609436
vn 0.5896817445755005 0.1294577419757843 0.7967758178710938
vn 0.2965698838233948 0.04934049770236015 0.9540792107582092
vn 0.5916358232498169 0.050317537039518356 0.8045921325683594
vn 0.5906587839126587 -0.0004885197849944234 0.807523250579834
vn 0.5887047052383423 -0.0004885197849944234 0.8085002899169922
vn 0.4704829454421997 0.6902784705162048 -0.549584686756134
vn 0.3385826051235199 0.8983879089355469 -0.2799217700958252
vn 0.12265685200691223 0.9804592132568359 -0.1548607051372528
vn 0.35616931319236755 0.8983879089355469 0.2574499845504761
vn 0.1412205994129181 0.985344409942627 0.09819253534078598
vn 0.5906587839126587 -0.0004885197849944234 0.807523250579834
vn 0.29363876581192017 -0.0004885197849944234 0.9560332894325256
vn -0.0004501346265897155 -0.0014655593549832702 1
vn 0.29363876581192017 0.0004885197849944234 0.9560332894325256
vn -0.0004501346265897155 -0.0004885197849944234 1
vn 0.29363876581192017 -0.0004885197849944234 0.9560332894325256
vn -0.0004501346265897155 -0.0004885197849944234 1
vn -0.0004501346265897155 0.0004885197849944234 1
vn -0.0004501346265897155 0.0004885197849944234 1
vn -0.0004501346265897155 0.42843183875083923 0.9032731652259827
vn -0.0004501346265897155 0.1255495846271515 0.9921837449073792
vn -0.0004501346265897155 0.04836345836520195 0.9990230202674866
vn 0.29461580514907837 0.0004885197849944234 0.9560332894325256
vn 0.5896817445755005 -0.0004885197849944234 0.807523250579834
vn 0.1451287567615509 0.9833903312683105 -0.10698577016592026
vn 0.38645753264427185 0.9071812629699707 -0.16756223142147064
vn -0.0004501346265897155 1 0.002442658646032214
vn -0.0004501346265897155 1 0.0004885793896391988
vn -0.0014271741965785623 1 0.002442658646032214
vn -0.0004501346265897155 1 0.0004885793896391988
vn -0.0004501346265897155 1 -0.000488460180349648
vn 0.020067695528268814 0.990229606628418 -0.13922807574272156
vn 0.04058552905917168 0.9892525672912598 -0.13825103640556335
vn 0.06501151621341705 0.9882755279541016 -0.14020511507987976
vn -0.0033812534529715776 1 0.002442658646032214
vn 0.1451287567615509 0.9872984886169434 -0.06008787453174591
vn -0.0004501346265897155 1 -0.000488460180349648
vn -0.002404213882982731 1 0.0014656189596280456
vn -0.002404213882982731 1 0.0004885793896391988
vn 0.1451287567615509 0.9872984886169434 -0.06008787453174591
vn 0.12265685200691223 0.9804592132568359 -0.1548607051372528
vn 0.1451287567615509 0.9833903312683105 -0.10698577016592026
vn 0.15196803212165833 0.9882755279541016 -0.011235895566642284
vn -0.0004501346265897155 1 -0.000488460180349648
vn -0.0004501346265897155 1 -0.0024425394367426634
vn -0.0014271741965785623 1 -0.0024425394367426634
vn -0.0004501346265897155 1 -0.000488460180349648
vn 0.04156256839632988 0.9882755279541016 0.14606747031211853
vn 0.09334566444158554 0.9863214492797852 0.1343429982662201
vn -0.0033812534529715776 1 -0.0024425394367426634
vn -0.0033812534529715776 1 -0.000488460180349648
vn 0.09334566444158554 0.9863214492797852 0.1343429982662201
vn 0.15489915013313293 0.9872984886169434 0.03273088485002518
vn 0.1412205994129181 0.985344409942627 0.09819253534078598
vn 0.41088351607322693 0.9062042236328125 0.09623845666646957
vn 0.15489915013313293 0.9872984886169434 0.03273088485002518
vn 0.8104926943778992 0.004396677948534489 -0.5857351422309875
vn 0.8026763796806335 0.0024425990413874388 -0.5964825749397278
vn 0.8026763796806335 0.0024425990413874388 -0.5964825749397278
vn 0.9316456317901611 0.0004885197849944234 -0.36199310421943665
vn 0.8104926943778992 0.004396677948534489 -0.5857351422309875
vn 0.80463045835495 0.0014655593549832702 -0.5945284962654114
vn 0.8036534190177917 0.0004885197849944234 -0.5955055356025696
vn 0.9296915531158447 0.0014655593549832702 -0.36785534024238586
vn 0.9306685924530029 0.0014655593549832702 -0.36687830090522766
vn 0.9267604351043701 0.04836345836520195 -0.3727405369281769
vn 0.9296915531158447 0.0014655593549832702 -0.36785534024238586
vn 0.9990613460540771 0.0024425990413874388 -0.048363398760557175
vn 0.9990613460540771 0.0024425990413874388 -0.04640932008624077
vn 0.9990613460540771 0.0004885197849944234 -0.04640932008624077
vn 0.9990613460540771 0.0014655593549832702 -0.045432280749082565
vn 0.998084306716919 0.04543234035372734 -0.05031747743487358
vn 0.9687731266021729 0.0014655593549832702 0.24865663051605225
vn 0.8104926943778992 -0.0004885197849944234 0.5867123007774353
vn 0.8104926943778992 -0.0004885197849944234 0.5847582221031189
vn 0.9687731266021729 0.0014655593549832702 0.24865663051605225
vn 0.809515655040741 -0.0004885197849944234 0.5876893401145935
vn 0.8085386157035828 -0.0004885197849944234 0.5876893401145935
vn 0.9677960872650146 -0.0004885197849944234 0.25061070919036865
vn 0.9687731266021729 0.0004885197849944234 0.24865663051605225
vn 0.9677960872650146 0.043478261679410934 0.24865663051605225
vn 0.809515655040741 0.04836345836520195 0.5847582221031189
vn 0.56818687915802 0.6932095885276794 -0.4440644383430481
vn 0.7938830256462097 0.1275036633014679 -0.5945284962654114
vn 0.7127887606620789 0.44308745861053467 -0.544699490070343
vn 0.56818687915802 0.6932095885276794 -0.4440644383430481
vn 0.8349186778068542 0.43038591742515564 -0.3424523174762726
vn 0.7127887606620789 0.44308745861053467 -0.544699490070343
vn 0.6678449511528015 0.6902784705162048 -0.2769906520843506
vn 0.41576871275901794 0.9091353416442871 -0.029799647629261017
vn 0.15196803212165833 0.9882755279541016 -0.011235895566642284
vn 0.7284213900566101 0.6844162344932556 -0.045432280749082565
vn 0.7938830256462097 0.1275036633014679 -0.5945284962654114
vn 0.7997452616691589 0.04836345836520195 -0.5994136929512024
vn 0.9208981990814209 0.1255495846271515 -0.36980941891670227
vn 0.9912450313568115 0.12066438794136047 -0.05227155610918999
vn 0.9052655696868896 0.4215925633907318 -0.05227155610918999
vn 0.8065845370292664 0.1255495846271515 0.5779189467430115
vn 0.7333065867424011 0.4245236814022064 0.5310210585594177
vn 0.6023832559585571 0.671714723110199 0.4313630163669586
vn 0.7127887606620789 0.6785539984703064 0.17537866532802582
vn 0.8788855075836182 0.4196384847164154 0.22520768642425537
vn 0.9619338512420654 0.11968734860420227 0.24474847316741943

vt 0.21351200342178345 0.13179802894592285
vt 0.19465799629688263 0.11690300703048706
vt 0.18789100646972656 0.12207502126693726
vt 0.22048799693584442 0.13189101219177246
vt 0.1705320030450821 0.08751100301742554
vt 0.2044840008020401 0.11219799518585205
vt 0.20723600685596466 0.13417500257492065
vt 0.1549679934978485 0.09482502937316895
vt 0.17222100496292114 0.060508012771606445
vt 0.1451520025730133 0.06620597839355469
vt 0.18095900118350983 0.12872999906539917
vt 0.5239691138267517 0.6858134269714355
vt 0.5198112726211548 0.6885936856269836
vt 0.5231425166130066 0.6855082511901855
vt 0.5254102945327759 0.6863732933998108
vt 0.521307110786438 0.6894588470458984
vt 0.528035581111908 0.6928711533546448
vt 0.20422199368476868 0.14013397693634033
vt 0.5180215835571289 0.6880753636360168
vt 0.1911119967699051 0.08322399854660034
vt 0.2193170040845871 0.10946899652481079
vt 0.22700899839401245 0.13192498683929443
vt 0.20180299878120422 0.057527005672454834
vt 0.19529199600219727 0.042472004890441895
vt 0.5306448340415955 0.6884859204292297
vt 0.5364026427268982 0.6956137418746948
vt 0.5386226773262024 0.6909283995628357
vt 0.7154409885406494 0.80274897813797
vt 0.731115996837616 0.8109250068664551
vt 0.7324270009994507 0.80274897813797
vt 0.7301239967346191 0.8161259889602661
vt 0.7130650281906128 0.8248630166053772
vt 0.7310640215873718 0.8248630166053772
vt 0.5575349926948547 0.5480089783668518
vt 0.5603240132331848 0.542572021484375
vt 0.5598589777946472 0.5426210165023804
vt 0.15761899948120117 0.042472004890441895
vt 0.1268250048160553 0.0734720230102539
vt 0.12076199799776077 0.042472004890441895
vt 0.15202300250530243 0.020703017711639404
vt 0.14265699684619904 0.10472702980041504
vt 0.13489200174808502 0.11715799570083618
vt 0.10683999955654144 0.08828699588775635
vt 0.0994269996881485 0.10776400566101074
vt 0.5496389865875244 0.5813210010528564
vt 0.558480978012085 0.5819770097732544
vt 0.5513650178909302 0.5796440243721008
vt 0.19279299676418304 0.020703017711639404
vt 0.5566700100898743 0.5580869913101196
vt 0.5587959885597229 0.5477659702301025
vt 0.5551750063896179 0.5583620071411133
vt 0.5561400055885315 0.548334002494812
vt 0.5539990067481995 0.5586339831352234
vt 0.5549820065498352 0.5486199855804443
vt 0.1855050027370453 0.002553999423980713
vt 0.558775007724762 0.5822539925575256
vt 0.5595300197601318 0.5426610112190247
vt 0.5583429932594299 0.5818809866905212
vt 0.702180027961731 0.80274897813797
vt 0.7156180143356323 0.8109250068664551
vt 0.5178386569023132 0.683280348777771
vt 0.5194747447967529 0.682688295841217
vt 0.5239619612693787 0.6852039694786072
vt 0.686598002910614 0.8135370016098022
vt 0.6992959976196289 0.8122940063476562
vt 0.6891639828681946 0.80274897813797
vt 0.6988710165023804 0.8151440024375916
vt 0.6888369917869568 0.8248630166053772
vt 0.7057240009307861 0.8109250068664551
vt 0.7047380208969116 0.8161259889602661
vt 0.5213465094566345 0.6813336610794067
vt 0.5253415703773499 0.6846461296081543
vt 0.21295499801635742 0.14895498752593994
vt 0.2015260010957718 0.16356199979782104
vt 0.21983599662780762 0.14934498071670532
vt 0.21298199892044067 0.16761398315429688
vt 0.18162700533866882 0.2030630111694336
vt 0.19082599878311157 0.1573929786682129
vt 0.20713099837303162 0.14680200815200806
vt 0.18190500140190125 0.14867299795150757
vt 0.7139679789543152 0.8161259889602661
vt 0.7004119753837585 0.8248630166053772
vt 0.5277186036109924 0.6777932047843933
vt 0.5305356383323669 0.6825492978096008
vt 0.20380400121212006 0.20547497272491455
vt 0.22434799373149872 0.1696699857711792
vt 0.2267639935016632 0.14950698614120483
vt 0.5361372828483582 0.6749457716941833
vt 0.5384867191314697 0.6801104545593262
vt 0.17790700495243073 0.1377750039100647
vt 0.13099199533462524 0.13301199674606323
vt 0.1326189935207367 0.15625
vt 0.1445229947566986 0.18034499883651733
vt 0.15955199301242828 0.19446396827697754
vt 0.09387800097465515 0.13251298666000366
vt 0.0990770012140274 0.16379201412200928
vt 0.5587980151176453 0.582036018371582
vt 0.5545099973678589 0.5770390033721924
vt 0.5584579706192017 0.5819399952888489
vt 0.6980180144309998 0.8139349818229675
vt 0.686598002910614 0.8135370016098022
vt 0.6988710165023804 0.8151440024375916
vt 0.6980180144309998 0.8139349818229675
vt 0.5528579950332642 0.5780450105667114
vt 0.5580809712409973 0.5768470168113708
vt 0.559145987033844 0.5821250081062317
vt 0.5597079992294312 0.5822550058364868
vt 0.5569490194320679 0.5764300227165222
vt 0.5592479705810547 0.5772079825401306
vt 0.5560479760169983 0.5760830044746399
vt 0.5537300109863281 0.5670700073242188
vt 0.5571179986000061 0.5639340281486511
vt 0.5565930008888245 0.5673009753227234
vt 0.5581989884376526 0.5673859715461731
vt 0.21201999485492706 0.07952600717544556
vt 0.23094700276851654 0.10785901546478271
vt 0.2351289987564087 0.07672202587127686
vt 0.2317660003900528 0.0563579797744751
vt 0.22896400094032288 0.042472004890441895
vt 0.5466418862342834 0.6930299997329712
vt 0.5526288747787476 0.6994606256484985
vt 0.5449984073638916 0.6978663802146912
vt 0.23333199322223663 0.13198602199554443
vt 0.24009199440479279 0.13203799724578857
vt 0.2437009960412979 0.10683697462081909
vt 0.5540940761566162 0.6946174502372742
vt 0.560362696647644 0.7003084421157837
vt 0.25 0.07575798034667969
vt 0.25 0.05594801902770996
vt 0.25 0.042472004890441895
vt 0.25 0.10643899440765381
vt 0.2471109926700592 0.13212800025939941
vt 0.5608625411987305 0.6952533721923828
vt 0.567837119102478 0.7006211876869202
vt 0.25 0.13218700885772705
vt 0.5610790252685547 0.547469973564148
vt 0.5620030164718628 0.5424730181694031
vt 0.56141597032547 0.5424929857254028
vt 0.5625720024108887 0.5474449992179871
vt 0.5625510215759277 0.5424730181694031
vt 0.5608459711074829 0.5425270199775696
vt 0.5599740147590637 0.547523021697998
vt 0.22890900075435638 0.020703017711639404
vt 0.5594549775123596 0.5577070116996765
vt 0.2239380031824112 0.002553999423980713
vt 0.558085024356842 0.5579079985618591
vt 0.5597079992294312 0.5603669881820679
vt 0.5597519874572754 0.5639449954032898
vt 0.5584660172462463 0.5604429841041565
vt 0.5609099864959717 0.5603330135345459
vt 0.25 0.020703017711639404
vt 0.25 0.002553999423980713
vt 0.5607659816741943 0.5576959848403931
vt 0.5625370144844055 0.5577099919319153
vt 0.562529981136322 0.5603299736976624
vt 0.5625219941139221 0.5639600157737732
vt 0.5609340071678162 0.5639500021934509
vt 0.5678357481956482 0.6955074667930603
vt 0.5447967052459717 0.6727014780044556
vt 0.5465385913848877 0.6780074834823608
vt 0.5528518557548523 0.6710875630378723
vt 0.5540382266044617 0.6764273047447205
vt 0.770829975605011 0.80274897813797
vt 0.7508869767189026 0.80274897813797
vt 0.7696200013160706 0.8109250068664551
vt 0.7701600193977356 0.8161259889602661
vt 0.7509179711341858 0.8248630166053772
vt 0.7712029814720154 0.8248630166053772
vt 0.23343299329280853 0.14955997467041016
vt 0.23488099873065948 0.17097699642181396
vt 0.24023400247097015 0.14956200122833252
vt 0.24577899277210236 0.17176800966262817
vt 0.2214130014181137 0.20685899257659912
vt 0.23741300404071808 0.20774400234222412
vt 0.5678600072860718 0.6700328588485718
vt 0.5678635239601135 0.6755576133728027
vt 0.560847818851471 0.6758028268814087
vt 0.7914069890975952 0.80274897813797
vt 0.8125 0.8109250068664551
vt 0.8125 0.80274897813797
vt 0.8125 0.8161259889602661
vt 0.7920770049095154 0.8248630166053772
vt 0.8125 0.8248630166053772
vt 0.7907410264015198 0.8109250068664551
vt 0.7916529774665833 0.8161259889602661
vt 0.5603105425834656 0.6702762842178345
vt 0.25 0.20812398195266724
vt 0.25 0.1719980239868164
vt 0.24722899496555328 0.14952802658081055
vt 0.25 0.14949703216552734
vt 0.7493799924850464 0.8109250068664551
vt 0.7496709823608398 0.8161259889602661
vt 0.5585039854049683 0.5639389753341675
vt 0.5603659749031067 0.5823789834976196
vt 0.5602710247039795 0.5775309801101685
vt 0.561053991317749 0.582472026348114
vt 0.5595870018005371 0.5675399899482727
vt 0.5624750256538391 0.57771897315979
vt 0.5617759823799133 0.5825219750404358
vt 0.5624279975891113 0.5825250148773193
vt 0.5613809823989868 0.5776559710502625
vt 0.5625100135803223 0.5675370097160339
vt 0.5608490109443665 0.5675380229949951
vt 0.6727100014686584 0.1634889841079712
vt 0.6525020003318787 0.1697329878807068
vt 0.6727100014686584 0.1697329878807068
vt 0.059153001755476 0.002553999423980713
vt 0.025349000468850136 0.002553999423980713
vt 0.025349000468850136 0.020703017711639404
vt 0.07190799713134766 0.02031099796295166
vt 0.6525020003318787 0.1634889841079712
vt 0.6294230222702026 0.1634889841079712
vt 0.6293879747390747 0.1697329878807068
vt 0.6525020003318787 0.15085196495056152
vt 0.6292780041694641 0.15085196495056152
vt 0.6525020003318787 0.17722201347351074
vt 0.6727100014686584 0.17722201347351074
vt 0.025349000468850136 0.042472004890441895
vt 0.07599499821662903 0.04244697093963623
vt 0.6293550133705139 0.17722201347351074
vt 0.6727100014686584 0.15085196495056152
vt 0.6841089725494385 0.1435750126838684
vt 0.6727100014686584 0.1435750126838684
vt 0.6841809749603271 0.15085196495056152
vt 0.6843400001525879 0.1634889841079712
vt 0.6970880031585693 0.15085196495056152
vt 0.6294019818305969 0.1435750126838684
vt 0.6525020003318787 0.1435750126838684
vt 0.1123109981417656 0.020703017711639404
vt 0.10137899965047836 0.002553999423980713
vt 0.6002320051193237 0.1634889841079712
vt 0.6002320051193237 0.15085196495056152
vt 0.6002320051193237 0.1697329878807068
vt 0.5772200226783752 0.1634889841079712
vt 0.5772200226783752 0.1697329878807068
vt 0.6002320051193237 0.17722201347351074
vt 0.5772200226783752 0.17722201347351074
vt 0.5498849749565125 0.1697329878807068
vt 0.5772200226783752 0.15085196495056152
vt 0.6002320051193237 0.1435750126838684
vt 0.5859400033950806 0.06747102737426758
vt 0.5781700015068054 0.0483739972114563
vt 0.5769150257110596 0.0681220293045044
vt 0.5802279710769653 0.08265602588653564
vt 0.586883008480072 0.049430012702941895
vt 0.5833359956741333 0.03492403030395508
vt 0.5772200226783752 0.1435750126838684
vt 0.5498849749565125 0.1435750126838684
vt 0.5498849749565125 0.1634889841079712
vt 0.5498849749565125 0.15085196495056152
vt 0.5498849749565125 0.17722201347351074
vt 0.062247999012470245 0.07190901041030884
vt 0.6727100014686584 0.1973479986190796
vt 0.6525020003318787 0.18776798248291016
vt 0.6525020003318787 0.19733399152755737
vt 0.6727100014686584 0.18762898445129395
vt 0.6295340061187744 0.1974639892578125
vt 0.6294959783554077 0.18796402215957642
vt 0.6727100014686584 0.20771002769470215
vt 0.6525020003318787 0.20759797096252441
vt 0.6727100014686584 0.21980500221252441
vt 0.06088700145483017 0.131413996219635
vt 0.025349000468850136 0.10097002983093262
vt 0.025349000468850136 0.13108700513839722
vt 0.061962999403476715 0.16681301593780518
vt 0.025349000468850136 0.1662440299987793
vt 0.6297619938850403 0.21940499544143677
vt 0.6296210289001465 0.20746999979019165
vt 0.06126999855041504 0.10039299726486206
vt 0.025349000468850136 0.07271897792816162
vt 0.6002320051193237 0.18745601177215576
vt 0.5772200226783752 0.18764501810073853
vt 0.6002320051193237 0.19715797901153564
vt 0.6002320051193237 0.207319974899292
vt 0.5772200226783752 0.19728302955627441
vt 0.5772200226783752 0.20745396614074707
vt 0.6002320051193237 0.21931397914886475
vt 0.5498849749565125 0.1876329779624939
vt 0.5273860096931458 0.19720196723937988
vt 0.5498849749565125 0.19731402397155762
vt 0.5273860096931458 0.18738996982574463
vt 0.5498849749565125 0.2076299786567688
vt 0.5772200226783752 0.21939200162887573
vt 0.5273860096931458 0.20729202032089233
vt 0.5498849749565125 0.21950697898864746
vt 0.6988679766654968 0.1634889841079712
vt 0.5991780161857605 0.10585200786590576
vt 0.6056169867515564 0.09166198968887329
vt 0.5933579802513123 0.10236901044845581
vt 0.7109699845314026 0.15085196495056152
vt 0.7253620028495789 0.1435750126838684
vt 0.7106339931488037 0.1435750126838684
vt 0.6103659868240356 0.1007390022277832
vt 0.5889549851417542 0.09836798906326294
vt 0.5901889801025391 0.08074402809143066
vt 0.584309995174408 0.09462499618530273
vt 0.6965619921684265 0.1435750126838684
vt 0.7131590247154236 0.1634889841079712
vt 0.725534975528717 0.15085196495056152
vt 0.6064730286598206 0.10743200778961182
vt 0.6146969795227051 0.1089400053024292
vt 0.7392529845237732 0.15085196495056152
vt 0.75 0.1435750126838684
vt 0.7389600276947021 0.1435750126838684
vt 0.6255149841308594 0.10244500637054443
vt 0.6256170272827148 0.11001497507095337
vt 0.6253820061683655 0.09398102760314941
vt 0.7278109788894653 0.1634889841079712
vt 0.7410330176353455 0.1634889841079712
vt 0.75 0.15085196495056152
vt 0.75 0.1634889841079712
vt 0.6052820086479187 0.0674089789390564
vt 0.6048219799995422 0.04869198799133301
vt 0.5912280082702637 0.03584098815917969
vt 0.5912709832191467 0.025627970695495605
vt 0.6046289801597595 0.029937028884887695
vt 0.5273860096931458 0.1435750126838684
vt 0.5273860096931458 0.15085196495056152
vt 0.5273860096931458 0.1634889841079712
vt 0.625012993812561 0.06789499521255493
vt 0.6247209906578064 0.04715096950531006
vt 0.6244310140609741 0.027456998825073242
vt 0.604964017868042 0.018462002277374268
vt 0.5083079934120178 0.1435750126838684
vt 0.6242380142211914 0.01498502492904663
vt 0.5083079934120178 0.1634889841079712
vt 0.5083079934120178 0.15085196495056152
vt 0.5445079803466797 0.5713030099868774
vt 0.5466820001602173 0.5699819922447205
vt 0.5489950180053711 0.5686749815940857
vt 0.14291800558567047 0.002553999423980713
vt 0.5512980222702026 0.5677930116653442
vt 0.5546360015869141 0.5638999938964844
vt 0.5550029873847961 0.5671929717063904
vt 0.5533499717712402 0.5650659799575806
vt 0.5546579957008362 0.5608299970626831
vt 0.555724024772644 0.5639269948005676
vt 0.5557510256767273 0.5607110261917114
vt 0.5571029782295227 0.5605660080909729
vt 0.5529720187187195 0.5630000233650208
vt 0.5273860096931458 0.1697329878807068
vt 0.5273860096931458 0.17722201347351074
vt 0.5533459782600403 0.5607389807701111
vt 0.5083079934120178 0.1697329878807068
vt 0.5083079934120178 0.17722201347351074
vt 0.5083079934120178 0.1873520016670227
vt 0.5083079934120178 0.19733500480651855
vt 0.5083079934120178 0.20722299814224243
vt 0.5273860096931458 0.21902596950531006
vt 0.6525020003318787 0.21960002183914185
vt 0.1425510048866272 0.2311229705810547
vt 0.17887799441814423 0.26301199197769165
vt 0.18144400417804718 0.2311229705810547
vt 0.14249399304389954 0.31392401456832886
vt 0.179640993475914 0.31392401456832886
vt 0.14108599722385406 0.26301199197769165
vt 0.20924699306488037 0.31392401456832886
vt 0.060869000852108 0.7804610133171082
vt 0.06052299961447716 0.7282729744911194
vt 0.043345000594854355 0.7771649956703186
vt 0.07631299644708633 0.7356600165367126
vt 0.0776669979095459 0.7812899947166443
vt 0.03887699916958809 0.8292570114135742
vt 0.14587900042533875 0.36855798959732056
vt 0.1819009929895401 0.36855798959732056
vt 0.1062769964337349 0.7036960124969482
vt 0.08189500123262405 0.6984239816665649
vt 0.09347700327634811 0.7114239931106567
vt 0.1027899980545044 0.7118780016899109
vt 0.12455599755048752 0.7116609811782837
vt 0.10211600363254547 0.6876659989356995
vt 0.20936299860477448 0.26301199197769165
vt 0.21264499425888062 0.2311229705810547
vt 0.08942899852991104 0.7369070053100586
vt 0.12455099821090698 0.7822840213775635
vt 0.12457200139760971 0.7378759980201721
vt 0.1073480024933815 0.19752001762390137
vt 0.06672000139951706 0.2040560245513916
vt 0.10968299955129623 0.2311229705810547
vt 0.07085999846458435 0.26301199197769165
vt 0.07067099958658218 0.23037302494049072
vt 0.10993500053882599 0.26301199197769165
vt 0.07403399795293808 0.36855798959732056
vt 0.10915599763393402 0.31392401456832886
vt 0.07199700176715851 0.31392401456832886
vt 0.10987900197505951 0.36855798959732056
vt 0.025349000468850136 0.3137630224227905
vt 0.025349000468850136 0.3688409924507141
vt 0.07458899915218353 0.8296679854393005
vt 0.05645199865102768 0.8294479846954346
vt 0.06108200177550316 0.8783950209617615
vt 0.07783299684524536 0.8780800104141235
vt 0.0437140017747879 0.8814420104026794
vt 0.05950700119137764 0.9267770051956177
vt 0.07602299749851227 0.9200609922409058
vt 0.0892229974269867 0.9192500114440918
vt 0.08362200111150742 0.9595040082931519
vt 0.17911000549793243 0.41827499866485596
vt 0.2063169926404953 0.4191700220108032
vt 0.18031899631023407 0.40264999866485596
vt 0.20737199485301971 0.40264999866485596
vt 0.09658599644899368 0.9481920003890991
vt 0.1245959997177124 0.8775380253791809
vt 0.12455800175666809 0.8298749923706055
vt 0.20819999277591705 0.36855798959732056
vt 0.1246350035071373 0.9184399843215942
vt 0.10441199690103531 0.9476829767227173
vt 0.10783399641513824 0.9539890289306641
vt 0.10366100072860718 0.9710779786109924
vt 0.2031800001859665 0.4600299596786499
vt 0.07439900189638138 0.40264999866485596
vt 0.10956499725580215 0.40264999866485596
vt 0.1449040025472641 0.40264999866485596
vt 0.07592500001192093 0.4600299596786499
vt 0.10977499932050705 0.4600299596786499
vt 0.11113999783992767 0.493274986743927
vt 0.1412149965763092 0.4600299596786499
vt 0.1413320004940033 0.493274986743927
vt 0.07817000150680542 0.493274986743927
vt 0.15791800618171692 0.40264999866485596
vt 0.1607619971036911 0.4172990322113037
vt 0.17267000675201416 0.4600299596786499
vt 0.17223100364208221 0.493274986743927
vt 0.7126129865646362 0.3323190212249756
vt 0.7221750020980835 0.3426010012626648
vt 0.7232440114021301 0.3323190212249756
vt 0.15563799440860748 0.7113919854164124
vt 0.15973499417304993 0.7368770241737366
vt 0.17286700010299683 0.7356280088424683
vt 0.18862399458885193 0.7281200289726257
vt 0.23374800384044647 0.2311229705810547
vt 0.1463250070810318 0.7118589878082275
vt 0.1428239941596985 0.7036790251731873
vt 0.2313770055770874 0.31392401456832886
vt 0.23189200460910797 0.26301199197769165
vt 0.2065570056438446 0.7770709991455078
vt 0.17228400707244873 0.7812640070915222
vt 0.18905700743198395 0.7804520130157471
vt 0.17541000247001648 0.8296300172805786
vt 0.19355100393295288 0.8293899893760681
vt 0.23146499693393707 0.36855798959732056
vt 0.25 0.2311229705810547
vt 0.25 0.26301199197769165
vt 0.25 0.31392401456832886
vt 0.25 0.36855798959732056
vt 0.12454800307750702 0.701341986656189
vt 0.12453600019216537 0.6850829720497131
vt 0.14695599675178528 0.6876410245895386
vt 0.16718299686908722 0.698369026184082
vt 0.2111230045557022 0.8291749954223633
vt 0.17221599817276 0.8780400156974792
vt 0.17328299582004547 0.9200419783592224
vt 0.16006700694561005 0.9192399978637695
vt 0.23148800432682037 0.40264999866485596
vt 0.16561800241470337 0.9595140218734741
vt 0.18977700173854828 0.926859974861145
vt 0.15267500281333923 0.9481909871101379
vt 0.1448500007390976 0.9476799964904785
vt 0.14142300188541412 0.9539870023727417
vt 0.12462999671697617 0.9478989839553833
vt 0.18895000219345093 0.8783140182495117
vt 0.20643100142478943 0.8813470005989075
vt 0.2313549965620041 0.4195050001144409
vt 0.25 0.40264999866485596
vt 0.25 0.4198659658432007
vt 0.12462799996137619 0.9562709927558899
vt 0.14558100700378418 0.9710789918899536
vt 0.12462300062179565 0.9732760190963745
vt 0.20100000500679016 0.493274986743927
vt 0.7322229743003845 0.3426010012626648
vt 0.7331420183181763 0.3323190212249756
vt 0.23186400532722473 0.4600299596786499
vt 0.25 0.4600299596786499
vt 0.23255400359630585 0.493274986743927
vt 0.25 0.493274986743927
vt 0.7439979910850525 0.3323190212249756
vt 0.75 0.3426010012626648
vt 0.75 0.3323190212249756
vt 0.7418599724769592 0.3426010012626648
vt 0.025349000468850136 0.2624950408935547
vt 0.6298869848251343 0.2321069836616516
vt 0.6525020003318787 0.2323470115661621
vt 0.6727100014686584 0.23266100883483887
vt 0.6299669742584229 0.2402539849281311
vt 0.6002320051193237 0.23193901777267456
vt 0.6727100014686584 0.2411789894104004
vt 0.6525020003318787 0.2407810091972351
vt 0.630096971988678 0.2521370053291321
vt 0.6525020003318787 0.25242000818252563
vt 0.6302130222320557 0.2696549892425537
vt 0.6525020003318787 0.2699570059776306
vt 0.6301990151405334 0.2886769771575928
vt 0.6727100014686584 0.2529200315475464
vt 0.025349000468850136 0.20360898971557617
vt 0.025349000468850136 0.22836798429489136
vt 0.6727100014686584 0.27055901288986206
vt 0.6525020003318787 0.288923978805542
vt 0.6002320051193237 0.24004900455474854
vt 0.5772200226783752 0.23195898532867432
vt 0.6002320051193237 0.25187599658966064
vt 0.6002320051193237 0.2884019613265991
vt 0.6002320051193237 0.2693439722061157
vt 0.5772200226783752 0.24000799655914307
vt 0.5772200226783752 0.2517620325088501
vt 0.5498849749565125 0.23201000690460205
vt 0.5498849749565125 0.24000799655914307
vt 0.5772200226783752 0.28819501399993896
vt 0.5772200226783752 0.26915502548217773
vt 0.5498849749565125 0.25167202949523926
vt 0.5498849749565125 0.28798604011535645
vt 0.5498849749565125 0.2690199613571167
vt 0.6727100014686584 0.30126702785491943
vt 0.6525020003318787 0.3008190393447876
vt 0.6727100014686584 0.28950798511505127
vt 0.6301329731941223 0.30067503452301025
vt 0.6525020003318787 0.3208810091018677
vt 0.6727100014686584 0.3208810091018677
vt 0.6727100014686584 0.3323190212249756
vt 0.6525020003318787 0.3323190212249756
vt 0.6298999786376953 0.3208810091018677
vt 0.6298909783363342 0.3323190212249756
vt 0.6298090219497681 0.3426010012626648
vt 0.025349000468850136 0.4030200242996216
vt 0.025349000468850136 0.493274986743927
vt 0.025349000468850136 0.4600299596786499
vt 0.6525020003318787 0.3426010012626648
vt 0.6727100014686584 0.3426010012626648
vt 0.6908829808235168 0.3323190212249756
vt 0.6294019818305969 0.35221803188323975
vt 0.6525020003318787 0.35221803188323975
vt 0.6002320051193237 0.35221803188323975
vt 0.6002320051193237 0.3426010012626648
vt 0.6002320051193237 0.3004549741744995
vt 0.6002320051193237 0.3208810091018677
vt 0.5772200226783752 0.3002840280532837
vt 0.5772200226783752 0.3208810091018677
vt 0.6002320051193237 0.3323190212249756
vt 0.5772200226783752 0.3323190212249756
vt 0.5498849749565125 0.3000659942626953
vt 0.5498849749565125 0.3208810091018677
vt 0.5498849749565125 0.3323190212249756
vt 0.5772200226783752 0.35221803188323975
vt 0.5772200226783752 0.3426010012626648
vt 0.6727100014686584 0.35221803188323975
vt 0.5273860096931458 0.30036497116088867
vt 0.6940469741821289 0.3426010012626648
vt 0.7022259831428528 0.3323190212249756
vt 0.5273860096931458 0.3208810091018677
vt 0.5273860096931458 0.2884489893913269
vt 0.5273860096931458 0.3323190212249756
vt 0.5498849749565125 0.3426010012626648
vt 0.7037299871444702 0.3426010012626648
vt 0.7126790285110474 0.3426010012626648
vt 0.6920469999313354 0.35221803188323975
vt 0.7032219767570496 0.35221803188323975
vt 0.5273860096931458 0.3426010012626648
vt 0.5083079934120178 0.3426010012626648
vt 0.5083079934120178 0.3323190212249756
vt 0.7204629778862 0.35221803188323975
vt 0.7387509942054749 0.35221803188323975
vt 0.75 0.35221803188323975
vt 0.5273860096931458 0.35221803188323975
vt 0.5083079934120178 0.35221803188323975
vt 0.5273860096931458 0.23169398307800293
vt 0.5273860096931458 0.23993396759033203
vt 0.5273860096931458 0.2518470287322998
vt 0.5083079934120178 0.21892398595809937
vt 0.5273860096931458 0.26947295665740967
vt 0.5083079934120178 0.28846001625061035
vt 0.5083079934120178 0.26937299966812134
vt 0.5083079934120178 0.23165500164031982
vt 0.5083079934120178 0.23972100019454956
vt 0.5083079934120178 0.25194698572158813
vt 0.5083079934120178 0.29986798763275146
vt 0.5083079934120178 0.3208810091018677
vt 0.7758409976959229 0.026485025882720947
vt 0.7861369848251343 0.04184997081756592
vt 0.7880679965019226 0.02669501304626465
vt 0.7721279859542847 0.04118400812149048
vt 0.7848060131072998 0.059074997901916504
vt 0.7631160020828247 0.04076802730560303
vt 0.7698860168457031 0.058824002742767334
vt 0.7776430249214172 0.01851499080657959
vt 0.7701489925384521 0.0258370041847229
vt 0.782069981098175 0.01587998867034912
vt 0.758899986743927 0.058259010314941406
vt 0.800134003162384 0.042497992515563965
vt 0.8024640083312988 0.025802016258239746
vt 0.8126279711723328 0.04245799779891968
vt 0.7997549772262573 0.05894201993942261
vt 0.8124960064888 0.05931800603866577
vt 0.805338978767395 0.010034024715423584
vt 0.793936014175415 0.011853992938995361
vt 0.8127999901771545 0.02530902624130249
vt 0.8128659725189209 0.009387969970703125
vt 0.7842209935188293 0.07823002338409424
vt 0.7689470052719116 0.07834398746490479
vt 0.7715650200843811 0.09159201383590698
vt 0.7816479802131653 0.0969579815864563
vt 0.5498849749565125 0.35221803188323975
vt 0.7616230249404907 0.08030200004577637
vt 0.7672899961471558 0.09510201215744019
vt 0.7807649970054626 0.10751497745513916
vt 0.7968299984931946 0.09997797012329102
vt 0.7995460033416748 0.07806599140167236
vt 0.8123689889907837 0.07824301719665527
vt 0.8121200203895569 0.10088199377059937
vt 0.7957450151443481 0.11377501487731934
vt 0.812063992023468 0.11561203002929688
vt 0.8306210041046143 0.8248630166053772
vt 0.2562989890575409 0.10683697462081909
vt 0.2648710012435913 0.07672202587127686
vt 0.26905301213264465 0.10785901546478271
vt 0.2682340145111084 0.0563579797744751
vt 0.2710359990596771 0.042472004890441895
vt 0.2528890073299408 0.13212800025939941
vt 0.5748099684715271 0.6952625513076782
vt 0.575312077999115 0.700317919254303
vt 0.259907990694046 0.13203799724578857
vt 0.5815804600715637 0.6946388483047485
vt 0.5830491185188293 0.6994805335998535
vt 0.5630990266799927 0.542477011680603
vt 0.5640659928321838 0.5474820137023926
vt 0.5636900067329407 0.5425009727478027
vt 0.28797999024391174 0.07952600717544556
vt 0.2981970012187958 0.057527005672454834
vt 0.3088879883289337 0.08322399854660034
vt 0.30470800399780273 0.042472004890441895
vt 0.2806830108165741 0.10946899652481079
vt 0.2666679918766022 0.13198602199554443
vt 0.5890364646911621 0.6930596232414246
vt 0.5906842947006226 0.6978927254676819
vt 0.27299100160598755 0.13192498683929443
vt 0.5970666408538818 0.6909610033035278
vt 0.5992894768714905 0.6956465244293213
vt 0.5651699900627136 0.5475429892539978
vt 0.5642639994621277 0.5425379872322083
vt 0.2710910141468048 0.020703017711639404
vt 0.5643100142478943 0.5577070116996765
vt 0.27606201171875 0.002553999423980713
vt 0.565621018409729 0.5577269792556763
vt 0.5641530156135559 0.5603439807891846
vt 0.5641030073165894 0.5639600157737732
vt 0.5653560161590576 0.5603860020637512
vt 0.30720698833465576 0.020703017711639404
vt 0.5669879913330078 0.5579360127449036
vt 0.5663470029830933 0.5477929711341858
vt 0.3144949972629547 0.002553999423980713
vt 0.5648239850997925 0.5425909757614136
vt 0.5684009790420532 0.5581250190734863
vt 0.565284013748169 0.5639619827270508
vt 0.5666000247001648 0.5604720115661621
vt 0.5748790502548218 0.6758090257644653
vt 0.829774022102356 0.80274897813797
vt 0.8512250185012817 0.8248630166053772
vt 0.8314949870109558 0.8161259889602661
vt 0.8505070209503174 0.80274897813797
vt 0.8304370045661926 0.8109250068664551
vt 0.5754085779190063 0.6702821254730225
vt 0.5816873908042908 0.6764431595802307
vt 0.2527709901332855 0.14952802658081055
vt 0.25422099232673645 0.17176800966262817
vt 0.25976601243019104 0.14956200122833252
vt 0.5828657150268555 0.6711020469665527
vt 0.2625870108604431 0.20774400234222412
vt 0.2651189863681793 0.17097699642181396
vt 0.5891863703727722 0.6780282855033875
vt 0.59092116355896 0.6727190613746643
vt 0.597231924533844 0.680129885673523
vt 0.8712800145149231 0.8248630166053772
vt 0.8522449731826782 0.8161259889602661
vt 0.8516989946365356 0.8109250068664551
vt 0.8706250190734863 0.80274897813797
vt 0.5995773673057556 0.6749686002731323
vt 0.2665669918060303 0.14955997467041016
vt 0.2785870134830475 0.20685899257659912
vt 0.2756519913673401 0.1696699857711792
vt 0.2732360064983368 0.14950698614120483
vt 0.5631070137023926 0.5825269818305969
vt 0.5638030171394348 0.5824840068817139
vt 0.5635690093040466 0.5776609778404236
vt 0.5641710162162781 0.5675489902496338
vt 0.5646799802780151 0.5775439739227295
vt 0.5654339790344238 0.567559003829956
vt 0.5644819736480713 0.5823969841003418
vt 0.8724780082702637 0.8161259889602661
vt 0.872111976146698 0.8109250068664551
vt 0.8904290199279785 0.80274897813797
vt 0.8925750255584717 0.8248630166053772
vt 0.8917369842529297 0.8109250068664551
vt 0.8934469819068909 0.8161259889602661
vt 0.5665299892425537 0.5639650225639343
vt 0.5668230056762695 0.5674129724502563
vt 0.5657070279121399 0.5772290229797363
vt 0.565185010433197 0.5822709798812866
vt 0.5679280161857605 0.5639700293540955
vt 0.56843101978302 0.5673390030860901
vt 0.9079639911651611 0.80274897813797
vt 0.2955160140991211 0.11219799518585205
vt 0.3294680118560791 0.08751100301742554
vt 0.2795119881629944 0.13189101219177246
vt 0.3053419888019562 0.11690300703048706
vt 0.32777899503707886 0.060508012771606445
vt 0.9109449982643127 0.8248630166053772
vt 0.6050622463226318 0.6885261535644531
vt 0.6076749563217163 0.6929149627685547
vt 0.6103057265281677 0.6864238381385803
vt 0.5676069855690002 0.5480449795722961
vt 0.5653049945831299 0.5426430106163025
vt 0.9216169714927673 0.80274897813797
vt 0.9077410101890564 0.8109250068664551
vt 0.6144251823425293 0.689505398273468
vt 0.28648799657821655 0.13179802894592285
vt 0.31210899353027344 0.12207502126693726
vt 0.3450320065021515 0.09482502937316895
vt 0.3548479974269867 0.06620597839355469
vt 0.29276400804519653 0.13417500257492065
vt 0.6117544174194336 0.6858923435211182
vt 0.6159167885780334 0.688629686832428
vt 0.612575113773346 0.6855617165565491
vt 0.6177040934562683 0.6880936622619629
vt 0.2957780063152313 0.14013397693634033
vt 0.31904101371765137 0.12872999906539917
vt 0.34238100051879883 0.042472004890441895
vt 0.34797701239585876 0.020703017711639404
vt 0.5698919892311096 0.5584070086479187
vt 0.5690000057220459 0.5483800172805786
vt 0.5710660219192505 0.5586860179901123
vt 0.5701550245285034 0.5486739873886108
vt 0.5656419992446899 0.5426859855651855
vt 0.5752930045127869 0.5814070105552673
vt 0.5664539933204651 0.5820059776306152
vt 0.5661479830741882 0.5822939872741699
vt 0.5735790133476257 0.5797179937362671
vt 0.5665990114212036 0.5819129943847656
vt 0.3731749951839447 0.0734720230102539
vt 0.3792380094528198 0.042472004890441895
vt 0.35734298825263977 0.10472702980041504
vt 0.36510801315307617 0.11715799570083618
vt 0.39315998554229736 0.08828699588775635
vt 0.4005729854106903 0.10776400566101074
vt 0.9237319827079773 0.8248630166053772
vt 0.9101290106773376 0.8161259889602661
vt 0.9178419709205627 0.8109250068664551
vt 0.9353160262107849 0.80274897813797
vt 0.9363080263137817 0.8248630166053772
vt 0.9198960065841675 0.8161259889602661
vt 0.6103388071060181 0.6846960783004761
vt 0.6051748394966125 0.68258136510849
vt 0.607987105846405 0.6778304576873779
vt 0.2870180010795593 0.16761398315429688
vt 0.29619601368904114 0.20547497272491455
vt 0.2801640033721924 0.14934498071670532
vt 0.6143535375595093 0.6813718676567078
vt 0.9252129793167114 0.8122889995574951
vt 0.61175936460495 0.6852565407752991
vt 0.6162289977073669 0.6827148795127869
vt 0.6178685426712036 0.683294415473938
vt 0.9380040168762207 0.8135280013084412
vt 0.9238430261611938 0.8146740198135376
vt 0.2928690016269684 0.14680200815200806
vt 0.32209300994873047 0.1377750039100647
vt 0.2984740138053894 0.16356199979782104
vt 0.2870450019836426 0.14895498752593994
vt 0.3183729946613312 0.2030630111694336
vt 0.31809499859809875 0.14867299795150757
vt 0.3091740012168884 0.1573929786682129
vt 0.9253280162811279 0.8140299916267395
vt 0.5704389810562134 0.577085018157959
vt 0.566116988658905 0.582056999206543
vt 0.5664849877357483 0.581957995891571
vt 0.5720959901809692 0.578108012676239
vt 0.565759003162384 0.5821449756622314
vt 0.566877007484436 0.5768749713897705
vt 0.5680130124092102 0.5764660239219666
vt 0.5689169764518738 0.576125979423523
vt 0.5712980031967163 0.5671250224113464
vt 0.36900800466537476 0.13301199674606323
vt 0.3673810064792633 0.15625
vt 0.3554770052433014 0.18034499883651733
vt 0.3404479920864105 0.19446396827697754
vt 0.4009230136871338 0.16379201412200928
vt 0.40612199902534485 0.13251298666000366
vt 0.573710024356842 0.5678579807281494
vt 0.6365050077438354 0.10862398147583008
vt 0.7607470154762268 0.15085196495056152
vt 0.7610399723052979 0.1435750126838684
vt 0.6446849703788757 0.10686701536178589
vt 0.6405990123748779 0.10030102729797363
vt 0.6519259810447693 0.10508298873901367
vt 0.6450930237770081 0.09109598398208618
vt 0.774465024471283 0.15085196495056152
vt 0.7746379971504211 0.1435750126838684
vt 0.7589669823646545 0.1634889841079712
vt 0.7721890211105347 0.1634889841079712
vt 0.7890300154685974 0.15085196495056152
vt 0.7893660068511963 0.1435750126838684
vt 0.6576539874076843 0.10143101215362549
vt 0.8029119968414307 0.15085196495056152
vt 0.8034380078315735 0.1435750126838684
vt 0.6619390249252319 0.09731298685073853
vt 0.6601849794387817 0.07974100112915039
vt 0.6664720177650452 0.0934380292892456
vt 0.8158190250396729 0.15085196495056152
vt 0.8158910274505615 0.1435750126838684
vt 0.7868409752845764 0.1634889841079712
vt 0.8011320233345032 0.1634889841079712
vt 0.6702029705047607 0.08136200904846191
vt 0.6447340250015259 0.06684601306915283
vt 0.6447309851646423 0.04812300205230713
vt 0.6443430185317993 0.029370009899139404
vt 0.6436430215835571 0.017904996871948242
vt 0.9726139903068542 0.15085196495056152
vt 0.9916920065879822 0.1435750126838684
vt 0.9726139903068542 0.1435750126838684
vt 0.6575239896774292 0.024670004844665527
vt 0.9501150250434875 0.15085196495056152
vt 0.9916920065879822 0.1634889841079712
vt 0.9916920065879822 0.15085196495056152
vt 0.6578689813613892 0.03488802909851074
vt 0.6640570163726807 0.06635701656341553
vt 0.6625900268554688 0.04834902286529541
vt 0.6712589859962463 0.047042012214660645
vt 0.6657050251960754 0.03373098373413086
vt 0.9501150250434875 0.1435750126838684
vt 0.9227799773216248 0.15085196495056152
vt 0.9726139903068542 0.1634889841079712
vt 0.5679500102996826 0.5605990290641785
vt 0.5693060159683228 0.5607519745826721
vt 0.5693169832229614 0.5639700293540955
vt 0.5700230002403259 0.5672399997711182
vt 0.5704180002212524 0.5639690160751343
vt 0.5703859925270081 0.5608900189399719
vt 0.5804920196533203 0.5714240074157715
vt 0.3876889944076538 0.020703017711639404
vt 0.5783270001411438 0.5700870156288147
vt 0.3570820093154907 0.002553999423980713
vt 0.5760220289230347 0.568763017654419
vt 0.5716959834098816 0.5651329755783081
vt 0.5720790028572083 0.5630480051040649
vt 0.9916920065879822 0.1697329878807068
vt 0.9726139903068542 0.1697329878807068
vt 0.9726139903068542 0.17722201347351074
vt 0.9916920065879822 0.17722201347351074
vt 0.9916920065879822 0.1873520016670227
vt 0.9726139903068542 0.18738996982574463
vt 0.9726139903068542 0.19720196723937988
vt 0.9916920065879822 0.19733500480651855
vt 0.9726139903068542 0.20729202032089233
vt 0.5716990232467651 0.5607879757881165
vt 0.9916920065879822 0.20722299814224243
vt 0.9726139903068542 0.21902596950531006
vt 0.39862099289894104 0.002553999423980713
vt 0.8156599998474121 0.1634889841079712
vt 0.9501150250434875 0.1634889841079712
vt 0.9501150250434875 0.1697329878807068
vt 0.9501150250434875 0.17722201347351074
vt 0.9501150250434875 0.1876329779624939
vt 0.9501150250434875 0.2076299786567688
vt 0.8272899985313416 0.15085196495056152
vt 0.8272899985313416 0.1435750126838684
vt 0.8474979996681213 0.15085196495056152
vt 0.8474979996681213 0.1435750126838684
vt 0.8705980181694031 0.1435750126838684
vt 0.8272899985313416 0.1634889841079712
vt 0.42400500178337097 0.04244697093963623
vt 0.42809200286865234 0.02031099796295166
vt 0.4408470094203949 0.002553999423980713
vt 0.4746510088443756 0.020703017711639404
vt 0.4746510088443756 0.002553999423980713
vt 0.8272899985313416 0.1697329878807068
vt 0.8474979996681213 0.1697329878807068
vt 0.8474979996681213 0.1634889841079712
vt 0.8707219958305359 0.15085196495056152
vt 0.8706129789352417 0.1697329878807068
vt 0.8705769777297974 0.1634889841079712
vt 0.4746510088443756 0.042472004890441895
vt 0.8272899985313416 0.17722201347351074
vt 0.8474979996681213 0.17722201347351074
vt 0.8706449866294861 0.17722201347351074
vt 0.6730849742889404 0.06674599647521973
vt 0.8997679948806763 0.1435750126838684
vt 0.9227799773216248 0.1435750126838684
vt 0.8997679948806763 0.15085196495056152
vt 0.9227799773216248 0.1634889841079712
vt 0.9227799773216248 0.17722201347351074
vt 0.8997679948806763 0.1634889841079712
vt 0.9227799773216248 0.1697329878807068
vt 0.8997679948806763 0.1697329878807068
vt 0.8997679948806763 0.17722201347351074
vt 0.43775200843811035 0.07190901041030884
vt 0.43873000144958496 0.10039299726486206
vt 0.4746510088443756 0.07271897792816162
vt 0.43911299109458923 0.131413996219635
vt 0.4380370080471039 0.16681301593780518
vt 0.4746510088443756 0.13108700513839722
vt 0.4746510088443756 0.10097002983093262
vt 0.8272899985313416 0.18762898445129395
vt 0.8474979996681213 0.18776798248291016
vt 0.8272899985313416 0.1973479986190796
vt 0.8474979996681213 0.19733399152755737
vt 0.8705040216445923 0.18796402215957642
vt 0.8704659938812256 0.1974639892578125
vt 0.8272899985313416 0.20771002769470215
vt 0.4746510088443756 0.1662440299987793
vt 0.8272899985313416 0.21980500221252441
vt 0.8474979996681213 0.20759797096252441
vt 0.8474979996681213 0.21960002183914185
vt 0.8702380061149597 0.21940499544143677
vt 0.8703789710998535 0.20746999979019165
vt 0.9227799773216248 0.18764501810073853
vt 0.9227799773216248 0.19728302955627441
vt 0.8997679948806763 0.18745601177215576
vt 0.9501150250434875 0.19731402397155762
vt 0.8997679948806763 0.19715797901153564
vt 0.9227799773216248 0.21939200162887573
vt 0.9227799773216248 0.20745396614074707
vt 0.8997679948806763 0.207319974899292
vt 0.9501150250434875 0.21950697898864746
vt 0.8997679948806763 0.21931397914886475
vt 0.2662520110607147 0.2311229705810547
vt 0.2681080102920532 0.26301199197769165
vt 0.2873550057411194 0.2311229705810547
vt 0.2686229944229126 0.31392401456832886
vt 0.26853498816490173 0.36855798959732056
vt 0.29063698649406433 0.26301199197769165
vt 0.29075300693511963 0.31392401456832886
vt 0.3443619906902313 0.7108950018882751
vt 0.31137600541114807 0.7276229858398438
vt 0.3271329998970032 0.735131025314331
vt 0.3402639925479889 0.7363799810409546
vt 0.3536750078201294 0.7113620042800903
vt 0.3571760058403015 0.7031829953193665
vt 0.3754270076751709 0.7373790144920349
vt 0.31094300746917725 0.7799559831619263
vt 0.2934429943561554 0.7765740156173706
vt 0.3064480125904083 0.8288940191268921
vt 0.3245899975299835 0.8291329741477966
vt 0.32771599292755127 0.780767023563385
vt 0.375449001789093 0.7817869782447815
vt 0.3328169882297516 0.6978719830513
vt 0.29179999232292175 0.36855798959732056
vt 0.3754419982433319 0.8293780088424683
vt 0.3754430115222931 0.7111639976501465
vt 0.35304298996925354 0.6871439814567566
vt 0.37546399235725403 0.6845859885215759
vt 0.375450998544693 0.7008450031280518
vt 0.39788299798965454 0.6871690154075623
vt 0.318556010723114 0.2311229705810547
vt 0.3211219906806946 0.26301199197769165
vt 0.3937230110168457 0.7031999826431274
vt 0.3972089886665344 0.7113810181617737
vt 0.3180989921092987 0.36855798959732056
vt 0.4105699956417084 0.7364100217819214
vt 0.288877010345459 0.8286780118942261
vt 0.2685120105743408 0.40264999866485596
vt 0.3110499978065491 0.8778169751167297
vt 0.29356899857521057 0.8808500170707703
vt 0.3277829885482788 0.8775429725646973
vt 0.2686449885368347 0.4195050001144409
vt 0.32671698927879333 0.9195449948310852
vt 0.3102230131626129 0.9263629913330078
vt 0.2926279902458191 0.40264999866485596
vt 0.33993300795555115 0.9187430143356323
vt 0.3754040002822876 0.8770409822463989
vt 0.3753649890422821 0.917943000793457
vt 0.33438199758529663 0.9590179920196533
vt 0.34732499718666077 0.9476950168609619
vt 0.3551500141620636 0.9471830129623413
vt 0.35857701301574707 0.9534909725189209
vt 0.37536999583244324 0.9474030137062073
vt 0.3544189929962158 0.9705830216407776
vt 0.26813599467277527 0.4600299596786499
vt 0.2936829924583435 0.4191700220108032
vt 0.26744601130485535 0.493274986743927
vt 0.29899999499320984 0.493274986743927
vt 0.2968200147151947 0.4600299596786499
vt 0.7560020089149475 0.3323190212249756
vt 0.7581400275230408 0.3426010012626648
vt 0.7668579816818237 0.3323190212249756
vt 0.7677770256996155 0.3426010012626648
vt 0.39216598868370056 0.9534929990768433
vt 0.3753719925880432 0.9557740092277527
vt 0.3955869972705841 0.9471859931945801
vt 0.4107770025730133 0.918753981590271
vt 0.37537699937820435 0.9727789759635925
vt 0.39633798599243164 0.9705820083618164
vt 0.7767559885978699 0.3323190212249756
vt 0.327769011259079 0.493274986743927
vt 0.4065229892730713 0.7109270095825195
vt 0.41810399293899536 0.6979269981384277
vt 0.4223330020904541 0.7807930111885071
vt 0.42368701100349426 0.7351629734039307
vt 0.43947699666023254 0.7277759909629822
vt 0.3203589916229248 0.31392401456832886
vt 0.3574489951133728 0.2311229705810547
vt 0.35891398787498474 0.26301199197769165
vt 0.35750600695610046 0.31392401456832886
vt 0.4391309916973114 0.7799649834632874
vt 0.45665401220321655 0.7766680121421814
vt 0.35412099957466125 0.36855798959732056
vt 0.3926520049571991 0.19752001762390137
vt 0.39031699299812317 0.2311229705810547
vt 0.3901210129261017 0.36855798959732056
vt 0.3900650143623352 0.26301199197769165
vt 0.3908439874649048 0.31392401456832886
vt 0.43327999114990234 0.2040560245513916
vt 0.42914000153541565 0.26301199197769165
vt 0.4293290078639984 0.23037302494049072
vt 0.4259659945964813 0.36855798959732056
vt 0.4280030131340027 0.31392401456832886
vt 0.4746510088443756 0.3688409924507141
vt 0.4746510088443756 0.3137630224227905
vt 0.461122989654541 0.828760027885437
vt 0.42216598987579346 0.8775839805603027
vt 0.4254109859466553 0.8291720151901245
vt 0.40341299772262573 0.9476959705352783
vt 0.42397698760032654 0.9195650219917297
vt 0.416377991437912 0.959007978439331
vt 0.31968098878860474 0.40264999866485596
vt 0.43891799449920654 0.8778989911079407
vt 0.4435479938983917 0.8289520144462585
vt 0.4562860131263733 0.8809450268745422
vt 0.44049298763275146 0.9262800216674805
vt 0.32089000940322876 0.41827499866485596
vt 0.3392379879951477 0.4172990322113037
vt 0.3420819938182831 0.40264999866485596
vt 0.3550960123538971 0.40264999866485596
vt 0.3587850034236908 0.4600299596786499
vt 0.32732999324798584 0.4600299596786499
vt 0.3586679995059967 0.493274986743927
vt 0.7778249979019165 0.3426010012626648
vt 0.7873870134353638 0.3323190212249756
vt 0.39043501019477844 0.40264999866485596
vt 0.4256010055541992 0.40264999866485596
vt 0.42407500743865967 0.4600299596786499
vt 0.39022499322891235 0.4600299596786499
vt 0.38885998725891113 0.493274986743927
vt 0.4218299984931946 0.493274986743927
vt 0.4746510088443756 0.2624950408935547
vt 0.7873209714889526 0.3426010012626648
vt 0.9726139903068542 0.3323190212249756
vt 0.9501150250434875 0.3426010012626648
vt 0.9726139903068542 0.3426010012626648
vt 0.9916920065879822 0.3426010012626648
vt 0.9916920065879822 0.3323190212249756
vt 0.9726139903068542 0.3208810091018677
vt 0.9501150250434875 0.3323190212249756
vt 0.9916920065879822 0.35221803188323975
vt 0.7612490057945251 0.35221803188323975
vt 0.7795370221138 0.35221803188323975
vt 0.7967780232429504 0.35221803188323975
vt 0.7962700128555298 0.3426010012626648
vt 0.9726139903068542 0.35221803188323975
vt 0.8059530258178711 0.3426010012626648
vt 0.7977740168571472 0.3323190212249756
vt 0.9501150250434875 0.3208810091018677
vt 0.9726139903068542 0.30036497116088867
vt 0.9501150250434875 0.3000659942626953
vt 0.9726139903068542 0.2884489893913269
vt 0.9501150250434875 0.28798604011535645
vt 0.9501150250434875 0.23201000690460205
vt 0.9501150250434875 0.2690199613571167
vt 0.8091170191764832 0.3323190212249756
vt 0.8272899985313416 0.3426010012626648
vt 0.8079530000686646 0.35221803188323975
vt 0.9227799773216248 0.3426010012626648
vt 0.9227799773216248 0.35221803188323975
vt 0.9501150250434875 0.24000799655914307
vt 0.9726139903068542 0.23169398307800293
vt 0.9916920065879822 0.21892398595809937
vt 0.9726139903068542 0.2518470287322998
vt 0.9916920065879822 0.23972100019454956
vt 0.9726139903068542 0.23993396759033203
vt 0.9916920065879822 0.23165500164031982
vt 0.9916920065879822 0.25194698572158813
vt 0.9916920065879822 0.26937299966812134
vt 0.9916920065879822 0.3208810091018677
vt 0.9916920065879822 0.29986798763275146
vt 0.9916920065879822 0.28846001625061035
vt 0.9726139903068542 0.26947295665740967
vt 0.9501150250434875 0.25167202949523926
vt 0.8272899985313416 0.35221803188323975
vt 0.8474979996681213 0.3426010012626648
vt 0.8231269717216492 0.02593100070953369
vt 0.8251000046730042 0.042654991149902344
vt 0.8374720215797424 0.027006030082702637
vt 0.8391140103340149 0.042181968688964844
vt 0.8252589702606201 0.05910402536392212
vt 0.8203859925270081 0.010146021842956543
vt 0.8317469954490662 0.012134015560150146
vt 0.8435490131378174 0.01633399724960327
vt 0.849632978439331 0.02695101499557495
vt 0.8474979996681213 0.35221803188323975
vt 0.8401870131492615 0.05942797660827637
vt 0.8531259894371033 0.041696012020111084
vt 0.8551139831542969 0.05936497449874878
vt 0.8621349930763245 0.041496992111206055
vt 0.8479430079460144 0.01903301477432251
vt 0.8553320169448853 0.026464998722076416
vt 0.866100013256073 0.059054017066955566
vt 0.8251420259475708 0.07823002338409424
vt 0.8274549841880798 0.10017699003219604
vt 0.84272700548172 0.09735697507858276
vt 0.8404930233955383 0.07859396934509277
vt 0.8283870220184326 0.11402702331542969
vt 0.8434939980506897 0.10799700021743774
vt 0.8529350161552429 0.09212100505828857
vt 0.8557530045509338 0.07890498638153076
vt 0.9501150250434875 0.35221803188323975
vt 0.863057017326355 0.08106797933578491
vt 0.857151985168457 0.09578901529312134
vt 0.8997679948806763 0.3426010012626648
vt 0.8997679948806763 0.35221803188323975
vt 0.4746510088443756 0.20360898971557617
vt 0.4746510088443756 0.22836798429489136
vt 0.8272899985313416 0.2411789894104004
vt 0.8474979996681213 0.2323470115661621
vt 0.8272899985313416 0.23266100883483887
vt 0.8272899985313416 0.2529200315475464
vt 0.8272899985313416 0.27055901288986206
vt 0.8474979996681213 0.2699570059776306
vt 0.8474979996681213 0.2407810091972351
vt 0.8474979996681213 0.288923978805542
vt 0.8474979996681213 0.25242000818252563
vt 0.8701130151748657 0.2321069836616516
vt 0.8700330257415771 0.2402539849281311
vt 0.8697869777679443 0.2696549892425537
vt 0.869903028011322 0.2521370053291321
vt 0.8698009848594666 0.2886769771575928
vt 0.8997679948806763 0.23193901777267456
vt 0.9227799773216248 0.24000799655914307
vt 0.9227799773216248 0.23195898532867432
vt 0.8997679948806763 0.24004900455474854
vt 0.9227799773216248 0.2517620325088501
vt 0.9227799773216248 0.26915502548217773
vt 0.8997679948806763 0.2693439722061157
vt 0.8997679948806763 0.25187599658966064
vt 0.8997679948806763 0.2884019613265991
vt 0.9227799773216248 0.28819501399993896
vt 0.4746510088443756 0.493274986743927
vt 0.4746510088443756 0.4030200242996216
vt 0.4746510088443756 0.4600299596786499
vt 0.8272899985313416 0.3323190212249756
vt 0.8474979996681213 0.3208810091018677
vt 0.8272899985313416 0.3208810091018677
vt 0.8474979996681213 0.3323190212249756
vt 0.8701909780502319 0.3426010012626648
vt 0.8705980181694031 0.35221803188323975
vt 0.8701090216636658 0.3323190212249756
vt 0.8272899985313416 0.30126702785491943
vt 0.8272899985313416 0.28950798511505127
vt 0.8474979996681213 0.3008190393447876
vt 0.8698670268058777 0.30067503452301025
vt 0.8700990080833435 0.3208810091018677
vt 0.9227799773216248 0.3002840280532837
vt 0.9227799773216248 0.3208810091018677
vt 0.9227799773216248 0.3323190212249756
vt 0.8997679948806763 0.3323190212249756
vt 0.8997679948806763 0.3208810091018677
vt 0.8997679948806763 0.3004549741744995

f 1042/1042/1042 1043/1043/1043 1044/1044/1044
f 1044/1044/1044 1043/1043/1043 1054/1054/1054
f 1049/1049/1049 1044/1044/1044 1054/1054/1054
f 1044/1044/1044 1049/1049/1049 1045/1045/1045
f 1045/1045/1045 1042/1042/1042 1044/1044/1044
f 1054/1054/1054 1043/1043/1043 1110/1110/1110
f 1042/1042/1042 1045/1045/1045 1046/1046/1046
f 1043/1043/1043 1068/1068/1068 1110/1110/1110
f 1078/1078/1078 1042/1042/1042 1046/1046/1046
f 1043/1043/1043 1067/1067/1067 1068/1068/1068
f 1113/1113/1113 1068/1068/1068 1067/1067/1067
f 1043/1043/1043 1042/1042/1042 1048/1048/1048
f 1048/1048/1048 1067/1067/1067 1043/1043/1043
f 1042/1042/1042 1078/1078/1078 1047/1047/1047
f 1047/1047/1047 1048/1048/1048 1042/1042/1042
f 1079/1079/1079 1047/1047/1047 1078/1078/1078
f 1158/1158/1158 1113/1113/1113 1067/1067/1067
f 1067/1067/1067 1048/1048/1048 1158/1158/1158
f 1113/1113/1113 1158/1158/1158 1159/1159/1159
f 1160/1160/1160 1159/1159/1159 1158/1158/1158
f 1160/1160/1160 1158/1158/1158 1157/1157/1157
f 1157/1157/1157 1158/1158/1158 1048/1048/1048
f 1157/1157/1157 1161/1161/1161 1160/1160/1160
f 1047/1047/1047 1079/1079/1079 1058/1058/1058
f 1048/1048/1048 1047/1047/1047 1057/1057/1057
f 1157/1157/1157 1048/1048/1048 1057/1057/1057
f 1058/1058/1058 1057/1057/1057 1047/1047/1047
f 1080/1080/1080 1058/1058/1058 1079/1079/1079
f 1057/1057/1057 1156/1156/1156 1157/1157/1157
f 1161/1161/1161 1157/1157/1157 1156/1156/1156
f 1057/1057/1057 1058/1058/1058 1059/1059/1059
f 1156/1156/1156 1057/1057/1057 1059/1059/1059
f 1058/1058/1058 1080/1080/1080 1060/1060/1060
f 1060/1060/1060 1059/1059/1059 1058/1058/1058
f 1081/1081/1081 1060/1060/1060 1080/1080/1080
f 1077/1077/1077 1081/1081/1081 1080/1080/1080
f 1059/1059/1059 1060/1060/1060 1061/1061/1061
f 1077/1077/1077 1072/1072/1072 1081/1081/1081
f 1072/1072/1072 1077/1077/1077 1076/1076/1076
f 1073/1073/1073 1072/1072/1072 1076/1076/1076
f 1081/1081/1081 1063/1063/1063 1060/1060/1060
f 1063/1063/1063 1061/1061/1061 1060/1060/1060
f 1082/1082/1082 1081/1081/1081 1072/1072/1072
f 1081/1081/1081 1082/1082/1082 1063/1063/1063
f 1072/1072/1072 1073/1073/1073 1074/1074/1074
f 1074/1074/1074 1082/1082/1082 1072/1072/1072
f 1075/1075/1075 1074/1074/1074 1073/1073/1073
f 1075/1075/1075 1070/1070/1070 1074/1074/1074
f 1070/1070/1070 1069/1069/1069 1074/1074/1074
f 1082/1082/1082 1074/1074/1074 1069/1069/1069
f 1069/1069/1069 1070/1070/1070 1062/1062/1062
f 1062/1062/1062 1132/1132/1132 1069/1069/1069
f 1135/1135/1135 1069/1069/1069 1132/1132/1132
f 1069/1069/1069 1135/1135/1135 1082/1082/1082
f 1132/1132/1132 1138/1138/1138 1135/1135/1135
f 1082/1082/1082 1136/1136/1136 1063/1063/1063
f 1136/1136/1136 1082/1082/1082 1135/1135/1135
f 1136/1136/1136 1061/1061/1061 1063/1063/1063
f 1137/1137/1137 1135/1135/1135 1138/1138/1138
f 1135/1135/1135 1137/1137/1137 1136/1136/1136
f 1138/1138/1138 1128/1128/1128 1137/1137/1137
f 1140/1140/1140 1061/1061/1061 1136/1136/1136
f 1137/1137/1137 1140/1140/1140 1136/1136/1136
f 1140/1140/1140 1059/1059/1059 1061/1061/1061
f 1156/1156/1156 1059/1059/1059 1140/1140/1140
f 1139/1139/1139 1140/1140/1140 1137/1137/1137
f 1139/1139/1139 1156/1156/1156 1140/1140/1140
f 1128/1128/1128 1139/1139/1139 1137/1137/1137
f 1161/1161/1161 1156/1156/1156 1139/1139/1139
f 1139/1139/1139 1128/1128/1128 1130/1130/1130
f 1130/1130/1130 1161/1161/1161 1139/1139/1139
f 485/485/485 499/499/499 498/498/498
f 284/284/284 348/348/348 349/349/349
f 285/285/285 284/284/284 349/349/349
f 567/567/567 349/349/349 348/348/348
f 499/499/499 285/285/285 505/505/505
f 349/349/349 505/505/505 285/285/285
f 349/349/349 567/567/567 564/564/564
f 505/505/505 349/349/349 564/564/564
f 571/571/571 564/564/564 567/567/567
f 499/499/499 505/505/505 503/503/503
f 498/498/498 499/499/499 503/503/503
f 564/564/564 506/506/506 505/505/505
f 503/503/503 505/505/505 506/506/506
f 564/564/564 571/571/571 565/565/565
f 506/506/506 564/564/564 565/565/565
f 572/572/572 565/565/565 571/571/571
f 565/565/565 509/509/509 506/506/506
f 572/572/572 566/566/566 565/565/565
f 509/509/509 565/565/565 566/566/566
f 566/566/566 572/572/572 573/573/573
f 570/570/570 566/566/566 573/573/573
f 566/566/566 570/570/570 568/568/568
f 568/568/568 509/509/509 566/566/566
f 569/569/569 568/568/568 570/570/570
f 504/504/504 506/506/506 509/509/509
f 503/503/503 506/506/506 504/504/504
f 509/509/509 568/568/568 511/511/511
f 500/500/500 503/503/503 504/504/504
f 498/498/498 503/503/503 500/500/500
f 488/488/488 498/498/498 500/500/500
f 488/488/488 500/500/500 490/490/490
f 490/490/490 500/500/500 502/502/502
f 500/500/500 504/504/504 502/502/502
f 504/504/504 509/509/509 508/508/508
f 502/502/502 504/504/504 508/508/508
f 508/508/508 509/509/509 511/511/511
f 507/507/507 502/502/502 508/508/508
f 502/502/502 507/507/507 501/501/501
f 510/510/510 508/508/508 511/511/511
f 508/508/508 510/510/510 507/507/507
f 549/549/549 511/511/511 568/568/568
f 511/511/511 549/549/549 510/510/510
f 568/568/568 569/569/569 549/549/549
f 535/535/535 501/501/501 507/507/507
f 539/539/539 507/507/507 510/510/510
f 549/549/549 539/539/539 510/510/510
f 507/507/507 539/539/539 535/535/535
f 501/501/501 535/535/535 533/533/533
f 549/549/549 569/569/569 545/545/545
f 539/539/539 549/549/549 545/545/545
f 569/569/569 574/574/574 545/545/545
f 540/540/540 535/535/535 539/539/539
f 545/545/545 540/540/540 539/539/539
f 536/536/536 533/533/533 535/535/535
f 535/535/535 540/540/540 536/536/536
f 533/533/533 536/536/536 534/534/534
f 538/538/538 534/534/534 536/536/536
f 545/545/545 574/574/574 548/548/548
f 540/540/540 545/545/545 548/548/548
f 575/575/575 548/548/548 574/574/574
f 541/541/541 536/536/536 540/540/540
f 536/536/536 541/541/541 538/538/538
f 548/548/548 541/541/541 540/540/540
f 575/575/575 550/550/550 548/548/548
f 541/541/541 548/548/548 550/550/550
f 550/550/550 575/575/575 558/558/558
f 557/557/557 550/550/550 558/558/558
f 541/541/541 543/543/543 538/538/538
f 532/532/532 538/538/538 543/543/543
f 542/542/542 532/532/532 543/543/543
f 543/543/543 541/541/541 551/551/551
f 543/543/543 551/551/551 542/542/542
f 550/550/550 551/551/551 541/541/541
f 600/600/600 542/542/542 551/551/551
f 562/562/562 600/600/600 551/551/551
f 556/556/556 551/551/551 550/550/550
f 556/556/556 562/562/562 551/551/551
f 550/550/550 557/557/557 556/556/556
f 556/556/556 563/563/563 562/562/562
f 563/563/563 556/556/556 557/557/557
f 232/232/232 247/247/247 239/239/239
f 234/234/234 232/232/232 239/239/239
f 248/248/248 239/239/239 247/247/247
f 220/220/220 233/233/233 236/236/236
f 271/271/271 220/220/220 236/236/236
f 233/233/233 234/234/234 235/235/235
f 235/235/235 236/236/236 233/233/233
f 237/237/237 271/271/271 236/236/236
f 236/236/236 235/235/235 237/237/237
f 239/239/239 248/248/248 250/250/250
f 317/317/317 250/250/250 248/248/248
f 239/239/239 249/249/249 234/234/234
f 249/249/249 239/239/239 250/250/250
f 238/238/238 235/235/235 234/234/234
f 238/238/238 234/234/234 249/249/249
f 235/235/235 238/238/238 237/237/237
f 250/250/250 317/317/317 318/318/318
f 324/324/324 318/318/318 317/317/317
f 318/318/318 324/324/324 327/327/327
f 326/326/326 318/318/318 327/327/327
f 250/250/250 318/318/318 319/319/319
f 318/318/318 326/326/326 319/319/319
f 319/319/319 249/249/249 250/250/250
f 319/319/319 326/326/326 344/344/344
f 341/341/341 249/249/249 319/319/319
f 319/319/319 344/344/344 341/341/341
f 249/249/249 341/341/341 238/238/238
f 341/341/341 344/344/344 345/345/345
f 341/341/341 345/345/345 342/342/342
f 342/342/342 238/238/238 341/341/341
f 342/342/342 345/345/345 346/346/346
f 238/238/238 342/342/342 251/251/251
f 251/251/251 237/237/237 238/238/238
f 342/342/342 346/346/346 281/281/281
f 281/281/281 251/251/251 342/342/342
f 347/347/347 281/281/281 346/346/346
f 251/251/251 272/272/272 237/237/237
f 271/271/271 237/237/237 272/272/272
f 272/272/272 273/273/273 271/271/271
f 272/272/272 251/251/251 278/278/278
f 251/251/251 281/281/281 278/278/278
f 273/273/273 272/272/272 275/275/275
f 278/278/278 275/275/275 272/272/272
f 273/273/273 275/275/275 274/274/274
f 279/279/279 278/278/278 281/281/281
f 281/281/281 347/347/347 279/279/279
f 275/275/275 278/278/278 280/280/280
f 278/278/278 279/279/279 280/280/280
f 274/274/274 275/275/275 276/276/276
f 275/275/275 280/280/280 276/276/276
f 274/274/274 276/276/276 277/277/277
f 279/279/279 347/347/347 284/284/284
f 279/279/279 282/282/282 280/280/280
f 276/276/276 280/280/280 282/282/282
f 282/282/282 279/279/279 284/284/284
f 348/348/348 284/284/284 347/347/347
f 276/276/276 282/282/282 283/283/283
f 277/277/277 276/276/276 283/283/283
f 277/277/277 283/283/283 485/485/485
f 283/283/283 282/282/282 285/285/285
f 284/284/284 285/285/285 282/282/282
f 485/485/485 283/283/283 499/499/499
f 283/283/283 285/285/285 499/499/499
f 576/576/576 577/577/577 578/578/578
f 585/585/585 576/576/576 578/578/578
f 576/576/576 585/585/585 583/583/583
f 593/593/593 585/585/585 578/578/578
f 583/583/583 584/584/584 576/576/576
f 579/579/579 576/576/576 584/584/584
f 577/577/577 576/576/576 579/579/579
f 584/584/584 581/581/581 579/579/579
f 593/593/593 578/578/578 588/588/588
f 592/592/592 593/593/593 588/588/588
f 587/587/587 578/578/578 577/577/577
f 578/578/578 587/587/587 588/588/588
f 592/592/592 588/588/588 594/594/594
f 595/595/595 592/592/592 594/594/594
f 595/595/595 594/594/594 1090/1090/1090
f 589/589/589 594/594/594 588/588/588
f 588/588/588 587/587/587 589/589/589
f 1090/1090/1090 594/594/594 1085/1085/1085
f 594/594/594 589/589/589 1085/1085/1085
f 1085/1085/1085 1091/1091/1091 1090/1090/1090
f 1091/1091/1091 1085/1085/1085 1087/1087/1087
f 1092/1092/1092 1091/1091/1091 1087/1087/1087
f 1085/1085/1085 589/589/589 1086/1086/1086
f 1085/1085/1085 1086/1086/1086 1087/1087/1087
f 587/587/587 591/591/591 589/589/589
f 591/591/591 1086/1086/1086 589/589/589
f 1087/1087/1087 1093/1093/1093 1092/1092/1092
f 1092/1092/1092 1093/1093/1093 1099/1099/1099
f 1100/1100/1100 1099/1099/1099 1093/1093/1093
f 1087/1087/1087 1088/1088/1088 1093/1093/1093
f 1087/1087/1087 1086/1086/1086 1088/1088/1088
f 1096/1096/1096 1100/1100/1100 1093/1093/1093
f 1093/1093/1093 1088/1088/1088 1096/1096/1096
f 1100/1100/1100 1096/1096/1096 1098/1098/1098
f 1088/1088/1088 1086/1086/1086 1089/1089/1089
f 1086/1086/1086 591/591/591 1089/1089/1089
f 1095/1095/1095 1096/1096/1096 1088/1088/1088
f 1088/1088/1088 1089/1089/1089 1095/1095/1095
f 1096/1096/1096 1097/1097/1097 1098/1098/1098
f 1096/1096/1096 1095/1095/1095 1097/1097/1097
f 1098/1098/1098 1097/1097/1097 1101/1101/1101
f 1102/1102/1102 1095/1095/1095 1089/1089/1089
f 591/591/591 1102/1102/1102 1089/1089/1089
f 1105/1105/1105 1097/1097/1097 1095/1095/1095
f 1095/1095/1095 1102/1102/1102 1105/1105/1105
f 1097/1097/1097 1109/1109/1109 1101/1101/1101
f 1097/1097/1097 1105/1105/1105 1109/1109/1109
f 1101/1101/1101 1109/1109/1109 1111/1111/1111
f 1108/1108/1108 1111/1111/1111 1109/1109/1109
f 1105/1105/1105 1108/1108/1108 1109/1109/1109
f 1111/1111/1111 1108/1108/1108 1112/1112/1112
f 1108/1108/1108 1105/1105/1105 1104/1104/1104
f 1104/1104/1104 1112/1112/1112 1108/1108/1108
f 1102/1102/1102 1104/1104/1104 1105/1105/1105
f 1112/1112/1112 1104/1104/1104 1107/1107/1107
f 1103/1103/1103 1107/1107/1107 1104/1104/1104
f 1104/1104/1104 1102/1102/1102 1103/1103/1103
f 1107/1107/1107 1103/1103/1103 1106/1106/1106
f 606/606/606 1103/1103/1103 1102/1102/1102
f 1102/1102/1102 591/591/591 606/606/606
f 607/607/607 1106/1106/1106 1103/1103/1103
f 1103/1103/1103 606/606/606 607/607/607
f 1106/1106/1106 607/607/607 609/609/609
f 607/607/607 608/608/608 609/609/609
f 607/607/607 604/604/604 608/608/608
f 606/606/606 604/604/604 607/607/607
f 604/604/604 603/603/603 608/608/608
f 591/591/591 605/605/605 606/606/606
f 605/605/605 604/604/604 606/606/606
f 603/603/603 604/604/604 599/599/599
f 605/605/605 599/599/599 604/604/604
f 602/602/602 603/603/603 599/599/599
f 605/605/605 591/591/591 590/590/590
f 591/591/591 587/587/587 590/590/590
f 587/587/587 577/577/577 590/590/590
f 577/577/577 580/580/580 590/590/590
f 590/590/590 580/580/580 605/605/605
f 579/579/579 580/580/580 577/577/577
f 602/602/602 599/599/599 598/598/598
f 601/601/601 602/602/602 598/598/598
f 599/599/599 605/605/605 596/596/596
f 580/580/580 596/596/596 605/605/605
f 596/596/596 598/598/598 599/599/599
f 580/580/580 579/579/579 582/582/582
f 582/582/582 596/596/596 580/580/580
f 581/581/581 582/582/582 579/579/579
f 582/582/582 581/581/581 586/586/586
f 596/596/596 582/582/582 597/597/597
f 596/596/596 597/597/597 598/598/598
f 586/586/586 597/597/597 582/582/582
f 601/601/601 598/598/598 597/597/597
f 597/597/597 586/586/586 601/601/601
f 241/241/241 242/242/242 243/243/243
f 241/241/241 243/243/243 244/244/244
f 242/242/242 241/241/241 245/245/245
f 245/245/245 246/246/246 242/242/242
f 295/295/295 241/241/241 244/244/244
f 296/296/296 295/295/295 244/244/244
f 295/295/295 296/296/296 294/294/294
f 295/295/295 312/312/312 241/241/241
f 241/241/241 312/312/312 245/245/245
f 294/294/294 288/288/288 295/295/295
f 288/288/288 312/312/312 295/295/295
f 288/288/288 294/294/294 289/289/289
f 287/287/287 288/288/288 289/289/289
f 246/246/246 245/245/245 314/314/314
f 314/314/314 315/315/315 246/246/246
f 312/312/312 313/313/313 245/245/245
f 313/313/313 314/314/314 245/245/245
f 314/314/314 316/316/316 315/315/315
f 314/314/314 313/313/313 316/316/316
f 323/323/323 315/315/315 316/316/316
f 312/312/312 320/320/320 313/313/313
f 288/288/288 320/320/320 312/312/312
f 321/321/321 316/316/316 313/313/313
f 320/320/320 321/321/321 313/313/313
f 322/322/322 323/323/323 316/316/316
f 316/316/316 321/321/321 322/322/322
f 323/323/323 322/322/322 325/325/325
f 322/322/322 812/812/812 325/325/325
f 812/812/812 322/322/322 811/811/811
f 321/321/321 811/811/811 322/322/322
f 811/811/811 816/816/816 812/812/812
f 811/811/811 321/321/321 810/810/810
f 320/320/320 810/810/810 321/321/321
f 816/816/816 811/811/811 820/820/820
f 810/810/810 820/820/820 811/811/811
f 820/820/820 824/824/824 816/816/816
f 822/822/822 824/824/824 820/820/820
f 820/820/820 810/810/810 822/822/822
f 824/824/824 822/822/822 823/823/823
f 320/320/320 809/809/809 810/810/810
f 809/809/809 822/822/822 810/810/810
f 821/821/821 823/823/823 822/822/822
f 809/809/809 821/821/821 822/822/822
f 823/823/823 821/821/821 881/881/881
f 821/821/821 808/808/808 881/881/881
f 808/808/808 821/821/821 802/802/802
f 809/809/809 802/802/802 821/821/821
f 802/802/802 803/803/803 808/808/808
f 803/803/803 802/802/802 801/801/801
f 802/802/802 809/809/809 791/791/791
f 802/802/802 791/791/791 801/801/801
f 320/320/320 791/791/791 809/809/809
f 801/801/801 791/791/791 798/798/798
f 798/798/798 791/791/791 790/790/790
f 791/791/791 320/320/320 307/307/307
f 320/320/320 288/288/288 307/307/307
f 790/790/790 791/791/791 789/789/789
f 791/791/791 307/307/307 789/789/789
f 790/790/790 789/789/789 788/788/788
f 785/785/785 788/788/788 789/789/789
f 789/789/789 305/305/305 785/785/785
f 305/305/305 789/789/789 307/307/307
f 306/306/306 785/785/785 305/305/305
f 305/305/305 301/301/301 306/306/306
f 307/307/307 293/293/293 305/305/305
f 301/301/301 305/305/305 293/293/293
f 293/293/293 307/307/307 288/288/288
f 301/301/301 293/293/293 300/300/300
f 288/288/288 287/287/287 293/293/293
f 293/293/293 287/287/287 300/300/300
f 920/920/920 1126/1126/1126 1131/1131/1131
f 1126/1126/1126 920/920/920 909/909/909
f 901/901/901 904/904/904 907/907/907
f 904/904/904 901/901/901 900/900/900
f 899/899/899 900/900/900 901/901/901
f 900/900/900 899/899/899 898/898/898
f 907/907/907 903/903/903 901/901/901
f 901/901/901 903/903/903 899/899/899
f 898/898/898 899/899/899 878/878/878
f 878/878/878 899/899/899 879/879/879
f 878/878/878 879/879/879 871/871/871
f 899/899/899 902/902/902 879/879/879
f 899/899/899 903/903/903 902/902/902
f 871/871/871 879/879/879 872/872/872
f 903/903/903 907/907/907 910/910/910
f 907/907/907 909/909/909 910/910/910
f 871/871/871 872/872/872 865/865/865
f 879/879/879 902/902/902 880/880/880
f 880/880/880 872/872/872 879/879/879
f 909/909/909 918/918/918 910/910/910
f 918/918/918 909/909/909 920/920/920
f 910/910/910 918/918/918 915/915/915
f 915/915/915 903/903/903 910/910/910
f 903/903/903 913/913/913 902/902/902
f 913/913/913 903/903/903 915/915/915
f 890/890/890 880/880/880 902/902/902
f 902/902/902 913/913/913 890/890/890
f 889/889/889 880/880/880 890/890/890
f 918/918/918 912/912/912 915/915/915
f 915/915/915 911/911/911 913/913/913
f 911/911/911 915/915/915 912/912/912
f 913/913/913 886/886/886 890/890/890
f 886/886/886 913/913/913 911/911/911
f 888/888/888 890/890/890 886/886/886
f 890/890/890 888/888/888 889/889/889
f 912/912/912 918/918/918 917/917/917
f 920/920/920 917/917/917 918/918/918
f 912/912/912 858/858/858 911/911/911
f 917/917/917 920/920/920 916/916/916
f 1131/1131/1131 916/916/916 920/920/920
f 917/917/917 914/914/914 912/912/912
f 858/858/858 912/912/912 914/914/914
f 916/916/916 859/859/859 917/917/917
f 914/914/914 917/917/917 859/859/859
f 916/916/916 1131/1131/1131 1133/1133/1133
f 1134/1134/1134 1133/1133/1133 1131/1131/1131
f 859/859/859 916/916/916 919/919/919
f 1133/1133/1133 919/919/919 916/916/916
f 847/847/847 914/914/914 859/859/859
f 847/847/847 858/858/858 914/914/914
f 919/919/919 849/849/849 859/859/859
f 847/847/847 859/859/859 849/849/849
f 1133/1133/1133 1134/1134/1134 1132/1132/1132
f 1138/1138/1138 1132/1132/1132 1134/1134/1134
f 919/919/919 1133/1133/1133 1062/1062/1062
f 1132/1132/1132 1062/1062/1062 1133/1133/1133
f 849/849/849 848/848/848 847/847/847
f 1062/1062/1062 852/852/852 919/919/919
f 849/849/849 919/919/919 852/852/852
f 848/848/848 849/849/849 851/851/851
f 851/851/851 849/849/849 852/852/852
f 851/851/851 852/852/852 1071/1071/1071
f 847/847/847 848/848/848 846/846/846
f 858/858/858 847/847/847 846/846/846
f 845/845/845 846/846/846 848/848/848
f 1070/1070/1070 1071/1071/1071 852/852/852
f 852/852/852 1062/1062/1062 1070/1070/1070
f 1071/1071/1071 1070/1070/1070 1075/1075/1075
f 846/846/846 857/857/857 858/858/858
f 857/857/857 911/911/911 858/858/858
f 911/911/911 857/857/857 886/886/886
f 846/846/846 845/845/845 843/843/843
f 857/857/857 846/846/846 843/843/843
f 844/844/844 843/843/843 845/845/845
f 856/856/856 886/886/886 857/857/857
f 843/843/843 856/856/856 857/857/857
f 886/886/886 856/856/856 888/888/888
f 843/843/843 844/844/844 842/842/842
f 856/856/856 843/843/843 842/842/842
f 841/841/841 842/842/842 844/844/844
f 856/856/856 885/885/885 888/888/888
f 842/842/842 841/841/841 827/827/827
f 842/842/842 855/855/855 856/856/856
f 855/855/855 842/842/842 827/827/827
f 855/855/855 885/885/885 856/856/856
f 818/818/818 827/827/827 841/841/841
f 885/885/885 889/889/889 888/888/888
f 818/818/818 813/813/813 827/827/827
f 813/813/813 818/818/818 819/819/819
f 814/814/814 813/813/813 819/819/819
f 813/813/813 814/814/814 815/815/815
f 817/817/817 827/827/827 813/813/813
f 817/817/817 813/813/813 815/815/815
f 827/827/827 817/817/817 855/855/855
f 817/817/817 815/815/815 825/825/825
f 826/826/826 855/855/855 817/817/817
f 825/825/825 826/826/826 817/817/817
f 855/855/855 826/826/826 885/885/885
f 826/826/826 825/825/825 883/883/883
f 826/826/826 883/883/883 884/884/884
f 884/884/884 885/885/885 826/826/826
f 884/884/884 883/883/883 882/882/882
f 885/885/885 884/884/884 887/887/887
f 889/889/889 885/885/885 887/887/887
f 882/882/882 874/874/874 884/884/884
f 874/874/874 887/887/887 884/884/884
f 874/874/874 882/882/882 864/864/864
f 876/876/876 887/887/887 874/874/874
f 875/875/875 889/889/889 887/887/887
f 887/887/887 876/876/876 875/875/875
f 880/880/880 889/889/889 875/875/875
f 872/872/872 880/880/880 875/875/875
f 873/873/873 875/875/875 876/876/876
f 872/872/872 875/875/875 873/873/873
f 874/874/874 873/873/873 876/876/876
f 865/865/865 872/872/872 873/873/873
f 862/862/862 874/874/874 864/864/864
f 873/873/873 874/874/874 862/862/862
f 862/862/862 865/865/865 873/873/873
f 864/864/864 863/863/863 862/862/862
f 861/861/861 862/862/862 863/863/863
f 865/865/865 862/862/862 860/860/860
f 862/862/862 861/861/861 860/860/860
f 860/860/860 854/854/854 865/865/865
f 805/805/805 860/860/860 861/861/861
f 860/860/860 805/805/805 804/804/804
f 804/804/804 854/854/854 860/860/860
f 800/800/800 804/804/804 805/805/805
f 799/799/799 854/854/854 804/804/804
f 804/804/804 800/800/800 799/799/799
f 854/854/854 799/799/799 807/807/807
f 797/797/797 799/799/799 800/800/800
f 796/796/796 807/807/807 799/799/799
f 799/799/799 797/797/797 796/796/796
f 807/807/807 796/796/796 806/806/806
f 793/793/793 796/796/796 797/797/797
f 792/792/792 806/806/806 796/796/796
f 796/796/796 793/793/793 792/792/792
f 806/806/806 792/792/792 795/795/795
f 787/787/787 792/792/792 793/793/793
f 786/786/786 795/795/795 792/792/792
f 792/792/792 787/787/787 786/786/786
f 795/795/795 786/786/786 794/794/794
f 303/303/303 786/786/786 787/787/787
f 310/310/310 794/794/794 786/786/786
f 786/786/786 303/303/303 310/310/310
f 794/794/794 310/310/310 311/311/311
f 310/310/310 309/309/309 311/311/311
f 303/303/303 302/302/302 310/310/310
f 309/309/309 310/310/310 302/302/302
f 302/302/302 303/303/303 304/304/304
f 308/308/308 309/309/309 302/302/302
f 302/302/302 304/304/304 299/299/299
f 308/308/308 302/302/302 299/299/299
f 304/304/304 291/291/291 299/299/299
f 298/298/298 308/308/308 299/299/299
f 290/290/290 299/299/299 291/291/291
f 298/298/298 299/299/299 290/290/290
f 290/290/290 291/291/291 292/292/292
f 290/290/290 286/286/286 298/298/298
f 226/226/226 290/290/290 292/292/292
f 286/286/286 290/290/290 226/226/226
f 226/226/226 292/292/292 297/297/297
f 225/225/225 286/286/286 226/226/226
f 297/297/297 224/224/224 226/226/226
f 224/224/224 225/225/225 226/226/226
f 224/224/224 297/297/297 222/222/222
f 221/221/221 225/225/225 224/224/224
f 222/222/222 221/221/221 224/224/224
f 225/225/225 221/221/221 204/204/204
f 221/221/221 222/222/222 223/223/223
f 223/223/223 214/214/214 221/221/221
f 214/214/214 204/204/204 221/221/221
f 214/214/214 223/223/223 228/228/228
f 227/227/227 214/214/214 228/228/228
f 204/204/204 214/214/214 211/211/211
f 214/214/214 227/227/227 215/215/215
f 214/214/214 215/215/215 211/211/211
f 205/205/205 204/204/204 211/211/211
f 240/240/240 215/215/215 227/227/227
f 213/213/213 205/205/205 211/211/211
f 215/215/215 212/212/212 211/211/211
f 211/211/211 212/212/212 213/213/213
f 220/220/220 205/205/205 213/213/213
f 215/215/215 231/231/231 212/212/212
f 231/231/231 213/213/213 212/212/212
f 215/215/215 240/240/240 232/232/232
f 231/231/231 215/215/215 232/232/232
f 247/247/247 232/232/232 240/240/240
f 213/213/213 231/231/231 233/233/233
f 233/233/233 220/220/220 213/213/213
f 232/232/232 234/234/234 231/231/231
f 234/234/234 233/233/233 231/231/231
f 1115/1115/1115 1009/1009/1009 1116/1116/1116
f 1009/1009/1009 1040/1040/1040 1116/1116/1116
f 1009/1009/1009 1008/1008/1008 1040/1040/1040
f 1008/1008/1008 1009/1009/1009 1003/1003/1003
f 1008/1008/1008 1013/1013/1013 1040/1040/1040
f 781/781/781 996/996/996 1003/1003/1003
f 996/996/996 781/781/781 765/765/765
f 765/765/765 949/949/949 996/996/996
f 950/950/950 996/996/996 949/949/949
f 926/926/926 950/950/950 949/949/949
f 997/997/997 1003/1003/1003 996/996/996
f 950/950/950 997/997/997 996/996/996
f 1005/1005/1005 1008/1008/1008 1003/1003/1003
f 1003/1003/1003 997/997/997 1005/1005/1005
f 950/950/950 998/998/998 997/997/997
f 998/998/998 1005/1005/1005 997/997/997
f 927/927/927 950/950/950 926/926/926
f 1006/1006/1006 1008/1008/1008 1005/1005/1005
f 998/998/998 1006/1006/1006 1005/1005/1005
f 1008/1008/1008 1011/1011/1011 1013/1013/1013
f 1011/1011/1011 1008/1008/1008 1006/1006/1006
f 1011/1011/1011 1012/1012/1012 1013/1013/1013
f 1006/1006/1006 1010/1010/1010 1011/1011/1011
f 1012/1012/1012 1011/1011/1011 1010/1010/1010
f 998/998/998 1004/1004/1004 1006/1006/1006
f 1010/1010/1010 1006/1006/1006 1004/1004/1004
f 1035/1035/1035 1012/1012/1012 1010/1010/1010
f 1004/1004/1004 1035/1035/1035 1010/1010/1010
f 1012/1012/1012 1035/1035/1035 1142/1142/1142
f 1036/1036/1036 1142/1142/1142 1035/1035/1035
f 1142/1142/1142 1036/1036/1036 1143/1143/1143
f 1141/1141/1141 1143/1143/1143 1036/1036/1036
f 1036/1036/1036 1039/1039/1039 1141/1141/1141
f 1036/1036/1036 1035/1035/1035 1034/1034/1034
f 1035/1035/1035 1004/1004/1004 1034/1034/1034
f 1039/1039/1039 1036/1036/1036 1037/1037/1037
f 1037/1037/1037 1036/1036/1036 1034/1034/1034
f 1037/1037/1037 1038/1038/1038 1039/1039/1039
f 1034/1034/1034 1004/1004/1004 1001/1001/1001
f 1004/1004/1004 998/998/998 1001/1001/1001
f 1028/1028/1028 1037/1037/1037 1034/1034/1034
f 1001/1001/1001 1028/1028/1028 1034/1034/1034
f 1038/1038/1038 1037/1037/1037 1029/1029/1029
f 1037/1037/1037 1028/1028/1028 1029/1029/1029
f 1029/1029/1029 1031/1031/1031 1038/1038/1038
f 995/995/995 1001/1001/1001 998/998/998
f 998/998/998 950/950/950 995/995/995
f 950/950/950 927/927/927 995/995/995
f 1001/1001/1001 995/995/995 953/953/953
f 927/927/927 953/953/953 995/995/995
f 1031/1031/1031 1029/1029/1029 1030/1030/1030
f 1030/1030/1030 989/989/989 1031/1031/1031
f 1029/1029/1029 1026/1026/1026 1030/1030/1030
f 1026/1026/1026 1029/1029/1029 1028/1028/1028
f 1027/1027/1027 1028/1028/1028 1001/1001/1001
f 1026/1026/1026 1028/1028/1028 1027/1027/1027
f 953/953/953 1027/1027/1027 1001/1001/1001
f 1020/1020/1020 1026/1026/1026 1027/1027/1027
f 1027/1027/1027 953/953/953 1020/1020/1020
f 1030/1030/1030 1026/1026/1026 1025/1025/1025
f 1026/1026/1026 1020/1020/1020 1025/1025/1025
f 989/989/989 1030/1030/1030 977/977/977
f 1025/1025/1025 977/977/977 1030/1030/1030
f 977/977/977 976/976/976 989/989/989
f 1020/1020/1020 974/974/974 1025/1025/1025
f 977/977/977 1025/1025/1025 974/974/974
f 976/976/976 977/977/977 973/973/973
f 977/977/977 974/974/974 973/973/973
f 973/973/973 975/975/975 976/976/976
f 974/974/974 1020/1020/1020 963/963/963
f 953/953/953 963/963/963 1020/1020/1020
f 973/973/973 974/974/974 960/960/960
f 963/963/963 960/960/960 974/974/974
f 975/975/975 973/973/973 473/473/473
f 473/473/473 475/475/475 975/975/975
f 473/473/473 474/474/474 475/475/475
f 973/973/973 465/465/465 473/473/473
f 465/465/465 973/973/973 960/960/960
f 474/474/474 473/473/473 472/472/472
f 465/465/465 472/472/472 473/473/473
f 472/472/472 469/469/469 474/474/474
f 960/960/960 464/464/464 465/465/465
f 469/469/469 472/472/472 410/410/410
f 410/410/410 423/423/423 469/469/469
f 472/472/472 465/465/465 463/463/463
f 464/464/464 463/463/463 465/465/465
f 472/472/472 399/399/399 410/410/410
f 399/399/399 472/472/472 463/463/463
f 423/423/423 410/410/410 422/422/422
f 422/422/422 418/418/418 423/423/423
f 398/398/398 410/410/410 399/399/399
f 410/410/410 398/398/398 422/422/422
f 418/418/418 422/422/422 417/417/417
f 417/417/417 416/416/416 418/418/418
f 421/421/421 422/422/422 398/398/398
f 422/422/422 421/421/421 417/417/417
f 398/398/398 399/399/399 400/400/400
f 400/400/400 421/421/421 398/398/398
f 401/401/401 400/400/400 399/399/399
f 399/399/399 463/463/463 401/401/401
f 416/416/416 417/417/417 415/415/415
f 415/415/415 419/419/419 416/416/416
f 421/421/421 413/413/413 417/417/417
f 413/413/413 415/415/415 417/417/417
f 421/421/421 400/400/400 420/420/420
f 413/413/413 421/421/421 420/420/420
f 365/365/365 420/420/420 400/400/400
f 401/401/401 365/365/365 400/400/400
f 364/364/364 413/413/413 420/420/420
f 420/420/420 365/365/365 364/364/364
f 415/415/415 413/413/413 412/412/412
f 413/413/413 364/364/364 412/412/412
f 419/419/419 415/415/415 414/414/414
f 414/414/414 415/415/415 412/412/412
f 414/414/414 524/524/524 419/419/419
f 524/524/524 414/414/414 525/525/525
f 414/414/414 523/523/523 525/525/525
f 411/411/411 523/523/523 414/414/414
f 414/414/414 412/412/412 411/411/411
f 411/411/411 388/388/388 523/523/523
f 388/388/388 411/411/411 383/383/383
f 386/386/386 411/411/411 412/412/412
f 411/411/411 386/386/386 383/383/383
f 412/412/412 364/364/364 386/386/386
f 386/386/386 384/384/384 383/383/383
f 386/386/386 354/354/354 384/384/384
f 354/354/354 386/386/386 364/364/364
f 364/364/364 355/355/355 354/354/354
f 352/352/352 354/354/354 355/355/355
f 355/355/355 364/364/364 365/365/365
f 355/355/355 357/357/357 352/352/352
f 365/365/365 357/357/357 355/355/355
f 357/357/357 372/372/372 352/352/352
f 405/405/405 357/357/357 365/365/365
f 365/365/365 401/401/401 405/405/405
f 372/372/372 357/357/357 434/434/434
f 434/434/434 435/435/435 372/372/372
f 357/357/357 405/405/405 441/441/441
f 441/441/441 434/434/434 357/357/357
f 454/454/454 405/405/405 401/401/401
f 405/405/405 454/454/454 441/441/441
f 454/454/454 401/401/401 463/463/463
f 463/463/463 464/464/464 454/454/454
f 454/454/454 445/445/445 441/441/441
f 434/434/434 441/441/441 445/445/445
f 445/445/445 454/454/454 464/464/464
f 435/435/435 434/434/434 444/444/444
f 445/445/445 444/444/444 434/434/434
f 444/444/444 443/443/443 435/435/435
f 444/444/444 922/922/922 443/443/443
f 922/922/922 444/444/444 924/924/924
f 445/445/445 924/924/924 444/444/444
f 924/924/924 926/926/926 922/922/922
f 926/926/926 924/924/924 927/927/927
f 925/925/925 924/924/924 445/445/445
f 925/925/925 927/927/927 924/924/924
f 956/956/956 445/445/445 464/464/464
f 445/445/445 956/956/956 925/925/925
f 464/464/464 960/960/960 956/956/956
f 960/960/960 963/963/963 956/956/956
f 956/956/956 942/942/942 925/925/925
f 927/927/927 925/925/925 942/942/942
f 942/942/942 956/956/956 963/963/963
f 953/953/953 927/927/927 942/942/942
f 963/963/963 953/953/953 942/942/942
f 1/1/1 2/2/2 3/3/3
f 2/2/2 1/1/1 4/4/4
f 7/7/7 1/1/1 3/3/3
f 4/4/4 6/6/6 2/2/2
f 6/6/6 4/4/4 22/22/22
f 11/11/11 7/7/7 3/3/3
f 11/11/11 18/18/18 7/7/7
f 22/22/22 21/21/21 6/6/6
f 21/21/21 22/22/22 123/123/123
f 18/18/18 11/11/11 90/90/90
f 90/90/90 79/79/79 18/18/18
f 123/123/123 116/116/116 21/21/21
f 116/116/116 123/123/123 124/124/124
f 79/79/79 90/90/90 80/80/80
f 79/79/79 80/80/80 73/73/73
f 124/124/124 125/125/125 116/116/116
f 125/125/125 124/124/124 132/132/132
f 115/115/115 21/21/21 116/116/116
f 132/132/132 131/131/131 125/125/125
f 131/131/131 132/132/132 135/135/135
f 616/616/616 131/131/131 135/135/135
f 117/117/117 116/116/116 125/125/125
f 116/116/116 117/117/117 115/115/115
f 128/128/128 125/125/125 131/131/131
f 125/125/125 128/128/128 117/117/117
f 131/131/131 616/616/616 611/611/611
f 611/611/611 128/128/128 131/131/131
f 619/619/619 611/611/611 616/616/616
f 611/611/611 619/619/619 613/613/613
f 630/630/630 613/613/613 619/619/619
f 128/128/128 611/611/611 612/612/612
f 613/613/613 612/612/612 611/611/611
f 129/129/129 117/117/117 128/128/128
f 128/128/128 612/612/612 129/129/129
f 117/117/117 129/129/129 118/118/118
f 118/118/118 115/115/115 117/117/117
f 613/613/613 630/630/630 629/629/629
f 633/633/633 629/629/629 630/630/630
f 612/612/612 613/613/613 625/625/625
f 629/629/629 625/625/625 613/613/613
f 612/612/612 614/614/614 129/129/129
f 612/612/612 625/625/625 614/614/614
f 118/118/118 129/129/129 130/130/130
f 129/129/129 614/614/614 130/130/130
f 629/629/629 633/633/633 699/699/699
f 701/701/701 699/699/699 633/633/633
f 625/625/625 629/629/629 627/627/627
f 699/699/699 627/627/627 629/629/629
f 625/625/625 626/626/626 614/614/614
f 625/625/625 627/627/627 626/626/626
f 615/615/615 130/130/130 614/614/614
f 626/626/626 615/615/615 614/614/614
f 699/699/699 701/701/701 702/702/702
f 702/702/702 701/701/701 713/713/713
f 627/627/627 699/699/699 700/700/700
f 702/702/702 700/700/700 699/699/699
f 627/627/627 703/703/703 626/626/626
f 703/703/703 627/627/627 700/700/700
f 615/615/615 626/626/626 628/628/628
f 626/626/626 703/703/703 628/628/628
f 713/713/713 714/714/714 702/702/702
f 717/717/717 714/714/714 713/713/713
f 700/700/700 702/702/702 715/715/715
f 715/715/715 702/702/702 714/714/714
f 700/700/700 716/716/716 703/703/703
f 716/716/716 700/700/700 715/715/715
f 628/628/628 703/703/703 724/724/724
f 716/716/716 724/724/724 703/703/703
f 714/714/714 717/717/717 723/723/723
f 722/722/722 723/723/723 717/717/717
f 738/738/738 715/715/715 714/714/714
f 738/738/738 714/714/714 723/723/723
f 715/715/715 736/736/736 716/716/716
f 736/736/736 715/715/715 738/738/738
f 724/724/724 716/716/716 737/737/737
f 737/737/737 716/716/716 736/736/736
f 723/723/723 722/722/722 762/762/762
f 761/761/761 762/762/762 722/722/722
f 723/723/723 739/739/739 738/738/738
f 762/762/762 739/739/739 723/723/723
f 740/740/740 736/736/736 738/738/738
f 739/739/739 740/740/740 738/738/738
f 866/866/866 737/737/737 736/736/736
f 866/866/866 736/736/736 740/740/740
f 762/762/762 761/761/761 766/766/766
f 764/764/764 766/766/766 761/761/761
f 739/739/739 762/762/762 778/778/778
f 766/766/766 778/778/778 762/762/762
f 740/740/740 739/739/739 741/741/741
f 778/778/778 741/741/741 739/739/739
f 741/741/741 891/891/891 740/740/740
f 740/740/740 891/891/891 866/866/866
f 1023/1023/1023 1022/1022/1022 1021/1021/1021
f 1016/1016/1016 1021/1021/1021 1022/1022/1022
f 1021/1021/1021 1024/1024/1024 1023/1023/1023
f 943/943/943 1015/1015/1015 1016/1016/1016
f 1021/1021/1021 1016/1016/1016 1015/1015/1015
f 1024/1024/1024 1021/1021/1021 1018/1018/1018
f 1015/1015/1015 1018/1018/1018 1021/1021/1021
f 1018/1018/1018 1019/1019/1019 1024/1024/1024
f 1018/1018/1018 1017/1017/1017 1019/1019/1019
f 1017/1017/1017 987/987/987 1019/1019/1019
f 1018/1018/1018 1015/1015/1015 985/985/985
f 985/985/985 1017/1017/1017 1018/1018/1018
f 1015/1015/1015 943/943/943 965/965/965
f 965/965/965 985/985/985 1015/1015/1015
f 965/965/965 943/943/943 959/959/959
f 959/959/959 943/943/943 938/938/938
f 959/959/959 938/938/938 957/957/957
f 961/961/961 959/959/959 957/957/957
f 961/961/961 957/957/957 962/962/962
f 967/967/967 961/961/961 962/962/962
f 959/959/959 961/961/961 964/964/964
f 964/964/964 965/965/965 959/959/959
f 961/961/961 967/967/967 968/968/968
f 968/968/968 964/964/964 961/961/961
f 972/972/972 968/968/968 967/967/967
f 965/965/965 964/964/964 966/966/966
f 985/985/985 965/965/965 966/966/966
f 964/964/964 968/968/968 969/969/969
f 969/969/969 966/966/966 964/964/964
f 968/968/968 972/972/972 970/970/970
f 968/968/968 970/970/970 969/969/969
f 986/986/986 970/970/970 972/972/972
f 966/966/966 969/969/969 971/971/971
f 970/970/970 971/971/971 969/969/969
f 966/966/966 984/984/984 985/985/985
f 984/984/984 966/966/966 971/971/971
f 1017/1017/1017 985/985/985 984/984/984
f 970/970/970 986/986/986 983/983/983
f 971/971/971 970/970/970 983/983/983
f 987/987/987 983/983/983 986/986/986
f 971/971/971 982/982/982 984/984/984
f 984/984/984 982/982/982 1017/1017/1017
f 982/982/982 971/971/971 983/983/983
f 1017/1017/1017 982/982/982 987/987/987
f 983/983/983 987/987/987 982/982/982
f 358/358/358 359/359/359 360/360/360
f 363/363/363 358/358/358 360/360/360
f 358/358/358 361/361/361 359/359/359
f 361/361/361 367/367/367 359/359/359
f 358/358/358 363/363/363 390/390/390
f 393/393/393 390/390/390 363/363/363
f 362/362/362 361/361/361 358/358/358
f 390/390/390 393/393/393 391/391/391
f 394/394/394 391/391/391 393/393/393
f 389/389/389 358/358/358 390/390/390
f 391/391/391 389/389/389 390/390/390
f 358/358/358 389/389/389 362/362/362
f 391/391/391 394/394/394 395/395/395
f 394/394/394 397/397/397 395/395/395
f 389/389/389 391/391/391 392/392/392
f 392/392/392 391/391/391 395/395/395
f 404/404/404 362/362/362 389/389/389
f 392/392/392 404/404/404 389/389/389
f 402/402/402 395/395/395 397/397/397
f 397/397/397 409/409/409 402/402/402
f 396/396/396 392/392/392 395/395/395
f 395/395/395 402/402/402 396/396/396
f 403/403/403 392/392/392 396/396/396
f 404/404/404 392/392/392 403/403/403
f 407/407/407 396/396/396 402/402/402
f 402/402/402 409/409/409 408/408/408
f 407/407/407 402/402/402 408/408/408
f 409/409/409 466/466/466 408/408/408
f 466/466/466 409/409/409 468/468/468
f 460/460/460 407/407/407 408/408/408
f 408/408/408 466/466/466 460/460/460
f 406/406/406 396/396/396 407/407/407
f 460/460/460 406/406/406 407/407/407
f 396/396/396 406/406/406 403/403/403
f 468/468/468 459/459/459 466/466/466
f 459/459/459 460/460/460 466/466/466
f 459/459/459 468/468/468 467/467/467
f 458/458/458 406/406/406 460/460/460
f 460/460/460 459/459/459 458/458/458
f 453/453/453 403/403/403 406/406/406
f 406/406/406 458/458/458 453/453/453
f 457/457/457 458/458/458 459/459/459
f 467/467/467 457/457/457 459/459/459
f 457/457/457 453/453/453 458/458/458
f 457/457/457 467/467/467 455/455/455
f 403/403/403 453/453/453 451/451/451
f 453/453/453 457/457/457 452/452/452
f 455/455/455 452/452/452 457/457/457
f 452/452/452 451/451/451 453/453/453
f 452/452/452 455/455/455 456/456/456
f 403/403/403 451/451/451 404/404/404
f 456/456/456 461/461/461 452/452/452
f 451/451/451 452/452/452 461/461/461
f 461/461/461 456/456/456 462/462/462
f 451/451/451 439/439/439 404/404/404
f 439/439/439 451/451/451 461/461/461
f 462/462/462 440/440/440 461/461/461
f 461/461/461 440/440/440 439/439/439
f 12/12/12 13/13/13 14/14/14
f 13/13/13 19/19/19 14/14/14
f 16/16/16 13/13/13 12/12/12
f 15/15/15 16/16/16 12/12/12
f 15/15/15 17/17/17 16/16/16
f 25/25/25 17/17/17 15/15/15
f 25/25/25 26/26/26 17/17/17
f 26/26/26 25/25/25 27/27/27
f 27/27/27 122/122/122 26/26/26
f 122/122/122 27/27/27 120/120/120
f 120/120/120 121/121/121 122/122/122
f 126/126/126 121/121/121 120/120/120
f 126/126/126 127/127/127 121/121/121
f 127/127/127 126/126/126 133/133/133
f 133/133/133 134/134/134 127/127/127
f 134/134/134 133/133/133 158/158/158
f 617/617/617 134/134/134 158/158/158
f 134/134/134 617/617/617 618/618/618
f 620/620/620 618/618/618 617/617/617
f 618/618/618 620/620/620 621/621/621
f 631/631/631 621/621/621 620/620/620
f 188/188/188 189/189/189 172/172/172
f 189/189/189 188/188/188 190/190/190
f 188/188/188 661/661/661 190/190/190
f 172/172/172 187/187/187 188/188/188
f 187/187/187 172/172/172 174/174/174
f 662/662/662 661/661/661 188/188/188
f 187/187/187 662/662/662 188/188/188
f 662/662/662 663/663/663 661/661/661
f 442/442/442 187/187/187 174/174/174
f 174/174/174 431/431/431 442/442/442
f 665/665/665 662/662/662 187/187/187
f 442/442/442 665/665/665 187/187/187
f 666/666/666 663/663/663 662/662/662
f 665/665/665 666/666/666 662/662/662
f 675/675/675 663/663/663 666/666/666
f 431/431/431 443/443/443 442/442/442
f 443/443/443 431/431/431 435/435/435
f 921/921/921 665/665/665 442/442/442
f 443/443/443 921/921/921 442/442/442
f 666/666/666 665/665/665 676/676/676
f 921/921/921 676/676/676 665/665/665
f 677/677/677 675/675/675 666/666/666
f 676/676/676 677/677/677 666/666/666
f 678/678/678 675/675/675 677/677/677
f 751/751/751 678/678/678 677/677/677
f 751/751/751 753/753/753 678/678/678
f 752/752/752 677/677/677 676/676/676
f 751/751/751 677/677/677 752/752/752
f 676/676/676 921/921/921 923/923/923
f 923/923/923 752/752/752 676/676/676
f 753/753/753 751/751/751 763/763/763
f 922/922/922 923/923/923 921/921/921
f 921/921/921 443/443/443 922/922/922
f 763/763/763 764/764/764 753/753/753
f 765/765/765 751/751/751 752/752/752
f 765/765/765 763/763/763 751/751/751
f 752/752/752 923/923/923 949/949/949
f 949/949/949 765/765/765 752/752/752
f 926/926/926 949/949/949 923/923/923
f 923/923/923 922/922/922 926/926/926
f 764/764/764 763/763/763 767/767/767
f 766/766/766 764/764/764 767/767/767
f 763/763/763 765/765/765 781/781/781
f 767/767/767 779/779/779 766/766/766
f 778/778/778 766/766/766 779/779/779
f 779/779/779 783/783/783 778/778/778
f 763/763/763 780/780/780 767/767/767
f 779/779/779 767/767/767 780/780/780
f 780/780/780 763/763/763 781/781/781
f 783/783/783 779/779/779 782/782/782
f 779/779/779 780/780/780 782/782/782
f 782/782/782 894/894/894 783/783/783
f 1002/1002/1002 780/780/780 781/781/781
f 780/780/780 1002/1002/1002 782/782/782
f 894/894/894 782/782/782 895/895/895
f 782/782/782 1002/1002/1002 895/895/895
f 895/895/895 896/896/896 894/894/894
f 896/896/896 895/895/895 905/905/905
f 895/895/895 1007/1007/1007 905/905/905
f 1007/1007/1007 895/895/895 1002/1002/1002
f 1007/1007/1007 1115/1115/1115 905/905/905
f 781/781/781 1003/1003/1003 1002/1002/1002
f 1003/1003/1003 1007/1007/1007 1002/1002/1002
f 1009/1009/1009 1115/1115/1115 1007/1007/1007
f 1007/1007/1007 1003/1003/1003 1009/1009/1009
f 928/928/928 929/929/929 930/930/930
f 929/929/929 928/928/928 941/941/941
f 945/945/945 941/941/941 928/928/928
f 929/929/929 935/935/935 930/930/930
f 935/935/935 929/929/929 936/936/936
f 928/928/928 933/933/933 945/945/945
f 933/933/933 946/946/946 945/945/945
f 936/936/936 937/937/937 935/935/935
f 937/937/937 936/936/936 955/955/955
f 955/955/955 958/958/958 937/937/937
f 946/946/946 933/933/933 947/947/947
f 947/947/947 948/948/948 946/946/946
f 957/957/957 937/937/937 958/958/958
f 958/958/958 962/962/962 957/957/957
f 938/938/938 935/935/935 937/937/937
f 957/957/957 938/938/938 937/937/937
f 948/948/948 947/947/947 951/951/951
f 991/991/991 948/948/948 951/951/951
f 944/944/944 951/951/951 947/947/947
f 933/933/933 944/944/944 947/947/947
f 951/951/951 990/990/990 991/991/991
f 944/944/944 933/933/933 932/932/932
f 933/933/933 928/928/928 932/932/932
f 944/944/944 952/952/952 951/951/951
f 990/990/990 951/951/951 952/952/952
f 932/932/932 934/934/934 944/944/944
f 934/934/934 952/952/952 944/944/944
f 928/928/928 931/931/931 932/932/932
f 934/934/934 932/932/932 931/931/931
f 931/931/931 928/928/928 930/930/930
f 954/954/954 952/952/952 934/934/934
f 954/954/954 990/990/990 952/952/952
f 931/931/931 940/940/940 934/934/934
f 940/940/940 954/954/954 934/934/934
f 930/930/930 939/939/939 931/931/931
f 940/940/940 931/931/931 939/939/939
f 939/939/939 930/930/930 935/935/935
f 935/935/935 938/938/938 939/939/939
f 939/939/939 943/943/943 940/940/940
f 943/943/943 939/939/939 938/938/938
f 940/940/940 992/992/992 954/954/954
f 943/943/943 992/992/992 940/940/940
f 993/993/993 990/990/990 954/954/954
f 992/992/992 993/993/993 954/954/954
f 993/993/993 991/991/991 990/990/990
f 991/991/991 993/993/993 994/994/994
f 993/993/993 999/999/999 994/994/994
f 993/993/993 992/992/992 999/999/999
f 1000/1000/1000 994/994/994 999/999/999
f 999/999/999 1014/1014/1014 1000/1000/1000
f 1014/1014/1014 999/999/999 1022/1022/1022
f 1022/1022/1022 1023/1023/1023 1014/1014/1014
f 1016/1016/1016 999/999/999 992/992/992
f 1022/1022/1022 999/999/999 1016/1016/1016
f 943/943/943 1016/1016/1016 992/992/992
f 621/621/621 631/631/631 632/632/632
f 631/631/631 634/634/634 632/632/632
f 634/634/634 635/635/635 632/632/632
f 705/705/705 635/635/635 634/634/634
f 635/635/635 705/705/705 706/706/706
f 707/707/707 706/706/706 705/705/705
f 706/706/706 707/707/707 712/712/712
f 712/712/712 707/707/707 718/718/718
f 712/712/712 718/718/718 719/719/719
f 719/719/719 718/718/718 720/720/720
f 721/721/721 719/719/719 720/720/720
f 720/720/720 757/757/757 758/758/758
f 757/757/757 720/720/720 756/756/756
f 757/757/757 756/756/756 754/754/754
f 748/748/748 754/754/754 756/756/756
f 754/754/754 748/748/748 750/750/750
f 748/748/748 749/749/749 750/750/750
f 749/749/749 674/674/674 750/750/750
f 674/674/674 749/749/749 669/669/669
f 669/669/669 668/668/668 674/674/674
f 668/668/668 669/669/669 667/667/667
f 664/664/664 668/668/668 667/667/667
f 664/664/664 667/667/667 660/660/660
f 659/659/659 664/664/664 660/660/660
f 659/659/659 660/660/660 653/653/653
f 653/653/653 175/175/175 659/659/659
f 175/175/175 653/653/653 176/176/176
f 175/175/175 176/176/176 177/177/177
f 186/186/186 175/175/175 177/177/177
f 162/162/162 186/186/186 177/177/177
f 186/186/186 162/162/162 161/161/161
f 161/161/161 162/162/162 160/160/160
f 159/159/159 161/161/161 160/160/160
f 89/89/89 159/159/159 160/160/160
f 159/159/159 89/89/89 88/88/88
f 88/88/88 89/89/89 84/84/84
f 83/83/83 88/88/88 84/84/84
f 72/72/72 83/83/83 84/84/84
f 83/83/83 72/72/72 71/71/71
f 63/63/63 71/71/71 72/72/72
f 63/63/63 62/62/62 71/71/71
f 62/62/62 63/63/63 14/14/14
f 14/14/14 61/61/61 62/62/62
f 440/440/440 462/462/462 450/450/450
f 436/436/436 440/440/440 450/450/450
f 438/438/438 439/439/439 440/440/440
f 440/440/440 436/436/436 438/438/438
f 437/437/437 404/404/404 439/439/439
f 439/439/439 438/438/438 437/437/437
f 429/429/429 438/438/438 436/436/436
f 429/429/429 437/437/437 438/438/438
f 429/429/429 436/436/436 430/430/430
f 404/404/404 437/437/437 375/375/375
f 430/430/430 427/427/427 429/429/429
f 427/427/427 430/430/430 449/449/449
f 437/437/437 429/429/429 428/428/428
f 427/427/427 428/428/428 429/429/429
f 428/428/428 375/375/375 437/437/437
f 448/448/448 427/427/427 449/449/449
f 362/362/362 404/404/404 375/375/375
f 427/427/427 448/448/448 433/433/433
f 447/447/447 433/433/433 448/448/448
f 428/428/428 427/427/427 432/432/432
f 433/433/433 432/432/432 427/427/427
f 375/375/375 428/428/428 376/376/376
f 432/432/432 376/376/376 428/428/428
f 375/375/375 374/374/374 362/362/362
f 374/374/374 375/375/375 376/376/376
f 361/361/361 362/362/362 374/374/374
f 433/433/433 447/447/447 446/446/446
f 371/371/371 446/446/446 447/447/447
f 433/433/433 370/370/370 432/432/432
f 376/376/376 432/432/432 370/370/370
f 370/370/370 433/433/433 446/446/446
f 446/446/446 371/371/371 366/366/366
f 366/366/366 370/370/370 446/446/446
f 367/367/367 366/366/366 371/371/371
f 376/376/376 370/370/370 369/369/369
f 370/370/370 366/366/366 369/369/369
f 374/374/374 376/376/376 369/369/369
f 366/366/366 367/367/367 368/368/368
f 368/368/368 369/369/369 366/366/366
f 374/374/374 369/369/369 368/368/368
f 367/367/367 361/361/361 368/368/368
f 368/368/368 361/361/361 374/374/374
f 783/783/783 741/741/741 778/778/778
f 877/877/877 866/866/866 891/891/891
f 891/891/891 893/893/893 877/877/877
f 891/891/891 741/741/741 892/892/892
f 892/892/892 893/893/893 891/891/891
f 783/783/783 892/892/892 741/741/741
f 893/893/893 892/892/892 897/897/897
f 897/897/897 892/892/892 894/894/894
f 894/894/894 892/892/892 783/783/783
f 894/894/894 896/896/896 897/897/897
f 866/866/866 877/877/877 867/867/867
f 869/869/869 867/867/867 877/877/877
f 869/869/869 868/868/868 867/867/867
f 868/868/868 869/869/869 870/870/870
f 868/868/868 853/853/853 867/867/867
f 835/835/835 866/866/866 867/867/867
f 853/853/853 835/835/835 867/867/867
f 866/866/866 835/835/835 737/737/737
f 853/853/853 725/725/725 835/835/835
f 725/725/725 737/737/737 835/835/835
f 725/725/725 853/853/853 837/837/837
f 737/737/737 725/725/725 724/724/724
f 725/725/725 837/837/837 648/648/648
f 645/645/645 724/724/724 725/725/725
f 645/645/645 725/725/725 648/648/648
f 724/724/724 645/645/645 628/628/628
f 645/645/645 648/648/648 640/640/640
f 638/638/638 628/628/628 645/645/645
f 638/638/638 645/645/645 640/640/640
f 628/628/628 638/638/638 615/615/615
f 152/152/152 638/638/638 640/640/640
f 151/151/151 615/615/615 638/638/638
f 638/638/638 152/152/152 151/151/151
f 615/615/615 151/151/151 130/130/130
f 152/152/152 143/143/143 151/151/151
f 143/143/143 152/152/152 145/145/145
f 151/151/151 119/119/119 130/130/130
f 119/119/119 151/151/151 143/143/143
f 130/130/130 119/119/119 118/118/118
f 48/48/48 143/143/143 145/145/145
f 48/48/48 145/145/145 55/55/55
f 143/143/143 24/24/24 119/119/119
f 24/24/24 143/143/143 48/48/48
f 119/119/119 23/23/23 118/118/118
f 23/23/23 119/119/119 24/24/24
f 115/115/115 118/118/118 23/23/23
f 55/55/55 40/40/40 48/48/48
f 40/40/40 55/55/55 331/331/331
f 48/48/48 37/37/37 24/24/24
f 37/37/37 48/48/48 40/40/40
f 230/230/230 40/40/40 331/331/331
f 9/9/9 24/24/24 37/37/37
f 24/24/24 9/9/9 23/23/23
f 23/23/23 20/20/20 115/115/115
f 20/20/20 23/23/23 9/9/9
f 21/21/21 115/115/115 20/20/20
f 20/20/20 6/6/6 21/21/21
f 6/6/6 20/20/20 5/5/5
f 20/20/20 9/9/9 5/5/5
f 5/5/5 2/2/2 6/6/6
f 37/37/37 10/10/10 9/9/9
f 9/9/9 10/10/10 5/5/5
f 2/2/2 5/5/5 8/8/8
f 10/10/10 8/8/8 5/5/5
f 8/8/8 3/3/3 2/2/2
f 10/10/10 37/37/37 39/39/39
f 40/40/40 39/39/39 37/37/37
f 8/8/8 10/10/10 38/38/38
f 39/39/39 38/38/38 10/10/10
f 3/3/3 8/8/8 41/41/41
f 38/38/38 41/41/41 8/8/8
f 41/41/41 11/11/11 3/3/3
f 38/38/38 39/39/39 219/219/219
f 39/39/39 40/40/40 229/229/229
f 229/229/229 219/219/219 39/39/39
f 40/40/40 230/230/230 229/229/229
f 230/230/230 210/210/210 229/229/229
f 219/219/219 229/229/229 210/210/210
f 210/210/210 230/230/230 207/207/207
f 209/209/209 210/210/210 207/207/207
f 207/207/207 208/208/208 209/209/209
f 218/218/218 210/210/210 209/209/209
f 210/210/210 218/218/218 219/219/219
f 219/219/219 218/218/218 252/252/252
f 252/252/252 218/218/218 270/270/270
f 219/219/219 43/43/43 38/38/38
f 252/252/252 43/43/43 219/219/219
f 41/41/41 38/38/38 43/43/43
f 270/270/270 269/269/269 252/252/252
f 269/269/269 270/270/270 263/263/263
f 252/252/252 44/44/44 43/43/43
f 44/44/44 252/252/252 269/269/269
f 43/43/43 42/42/42 41/41/41
f 42/42/42 43/43/43 44/44/44
f 42/42/42 11/11/11 41/41/41
f 42/42/42 90/90/90 11/11/11
f 90/90/90 42/42/42 91/91/91
f 44/44/44 91/91/91 42/42/42
f 91/91/91 80/80/80 90/90/90
f 269/269/269 95/95/95 44/44/44
f 91/91/91 44/44/44 95/95/95
f 269/269/269 263/263/263 262/262/262
f 95/95/95 269/269/269 262/262/262
f 262/262/262 263/263/263 264/264/264
f 95/95/95 92/92/92 91/91/91
f 80/80/80 91/91/91 92/92/92
f 262/262/262 96/96/96 95/95/95
f 92/92/92 95/95/95 96/96/96
f 264/264/264 265/265/265 262/262/262
f 96/96/96 262/262/262 265/265/265
f 265/265/265 264/264/264 266/266/266
f 80/80/80 92/92/92 78/78/78
f 80/80/80 78/78/78 73/73/73
f 93/93/93 92/92/92 96/96/96
f 92/92/92 93/93/93 78/78/78
f 74/74/74 73/73/73 78/78/78
f 78/78/78 93/93/93 74/74/74
f 73/73/73 74/74/74 75/75/75
f 377/377/377 96/96/96 265/265/265
f 96/96/96 377/377/377 93/93/93
f 266/266/266 378/378/378 265/265/265
f 377/377/377 265/265/265 378/378/378
f 378/378/378 266/266/266 494/494/494
f 377/377/377 94/94/94 93/93/93
f 93/93/93 94/94/94 74/74/74
f 378/378/378 379/379/379 377/377/377
f 94/94/94 377/377/377 379/379/379
f 494/494/494 381/381/381 378/378/378
f 379/379/379 378/378/378 381/381/381
f 381/381/381 494/494/494 495/495/495
f 381/381/381 495/495/495 480/480/480
f 380/380/380 381/381/381 480/480/480
f 380/380/380 379/379/379 381/381/381
f 380/380/380 480/480/480 387/387/387
f 385/385/385 380/380/380 387/387/387
f 388/388/388 385/385/385 387/387/387
f 379/379/379 380/380/380 382/382/382
f 384/384/384 380/380/380 385/385/385
f 380/380/380 384/384/384 382/382/382
f 383/383/383 384/384/384 385/385/385
f 385/385/385 388/388/388 383/383/383
f 354/354/354 382/382/382 384/384/384
f 356/356/356 379/379/379 382/382/382
f 382/382/382 354/354/354 356/356/356
f 379/379/379 356/356/356 351/351/351
f 379/379/379 351/351/351 94/94/94
f 352/352/352 351/351/351 356/356/356
f 354/354/354 352/352/352 356/356/356
f 94/94/94 351/351/351 77/77/77
f 77/77/77 74/74/74 94/94/94
f 77/77/77 351/351/351 353/353/353
f 351/351/351 352/352/352 353/353/353
f 74/74/74 77/77/77 76/76/76
f 75/75/75 74/74/74 76/76/76
f 76/76/76 87/87/87 75/75/75
f 77/77/77 85/85/85 76/76/76
f 353/353/353 85/85/85 77/77/77
f 76/76/76 86/86/86 87/87/87
f 76/76/76 85/85/85 86/86/86
f 87/87/87 86/86/86 169/169/169
f 170/170/170 169/169/169 86/86/86
f 169/169/169 170/170/170 171/171/171
f 173/173/173 86/86/86 85/85/85
f 86/86/86 173/173/173 170/170/170
f 85/85/85 353/353/353 373/373/373
f 373/373/373 173/173/173 85/85/85
f 353/353/353 372/372/372 373/373/373
f 372/372/372 353/353/353 352/352/352
f 171/171/171 170/170/170 172/172/172
f 172/172/172 189/189/189 171/171/171
f 174/174/174 170/170/170 173/173/173
f 170/170/170 174/174/174 172/172/172
f 431/431/431 173/173/173 373/373/373
f 173/173/173 431/431/431 174/174/174
f 435/435/435 373/373/373 372/372/372
f 373/373/373 435/435/435 431/431/431
f 646/646/646 644/644/644 652/652/652
f 652/652/652 650/650/650 646/646/646
f 644/644/644 643/643/643 651/651/651
f 651/651/651 652/652/652 644/644/644
f 709/709/709 708/708/708 727/727/727
f 727/727/727 730/730/730 709/709/709
f 730/730/730 727/727/727 729/729/729
f 728/728/728 729/729/729 727/727/727
f 726/726/726 727/727/727 708/708/708
f 727/727/727 726/726/726 728/728/728
f 708/708/708 650/650/650 726/726/726
f 650/650/650 652/652/652 828/828/828
f 828/828/828 726/726/726 650/650/650
f 692/692/692 828/828/828 652/652/652
f 652/652/652 651/651/651 692/692/692
f 726/726/726 828/828/828 829/829/829
f 829/829/829 728/728/728 726/726/726
f 828/828/828 692/692/692 696/696/696
f 696/696/696 829/829/829 828/828/828
f 684/684/684 692/692/692 651/651/651
f 693/693/693 696/696/696 692/692/692
f 692/692/692 684/684/684 693/693/693
f 651/651/651 682/682/682 684/684/684
f 682/682/682 651/651/651 643/643/643
f 683/683/683 693/693/693 684/684/684
f 683/683/683 684/684/684 682/682/682
f 696/696/696 693/693/693 697/697/697
f 829/829/829 696/696/696 830/830/830
f 697/697/697 830/830/830 696/696/696
f 728/728/728 829/829/829 833/833/833
f 830/830/830 833/833/833 829/829/829
f 850/850/850 728/728/728 833/833/833
f 833/833/833 840/840/840 850/850/850
f 840/840/840 833/833/833 832/832/832
f 833/833/833 830/830/830 832/832/832
f 839/839/839 840/840/840 832/832/832
f 777/777/777 839/839/839 832/832/832
f 831/831/831 832/832/832 830/830/830
f 830/830/830 697/697/697 831/831/831
f 832/832/832 831/831/831 777/777/777
f 694/694/694 697/697/697 693/693/693
f 693/693/693 683/683/683 694/694/694
f 774/774/774 831/831/831 697/697/697
f 697/697/697 694/694/694 774/774/774
f 775/775/775 777/777/777 831/831/831
f 831/831/831 774/774/774 775/775/775
f 777/777/777 775/775/775 776/776/776
f 694/694/694 695/695/695 774/774/774
f 773/773/773 774/774/774 695/695/695
f 774/774/774 773/773/773 775/775/775
f 695/695/695 694/694/694 685/685/685
f 683/683/683 685/685/685 694/694/694
f 770/770/770 775/775/775 773/773/773
f 775/775/775 770/770/770 776/776/776
f 685/685/685 683/683/683 680/680/680
f 776/776/776 770/770/770 769/769/769
f 769/769/769 777/777/777 776/776/776
f 769/769/769 770/770/770 771/771/771
f 777/777/777 769/769/769 784/784/784
f 735/735/735 769/769/769 771/771/771
f 681/681/681 680/680/680 683/683/683
f 769/769/769 772/772/772 784/784/784
f 769/769/769 735/735/735 772/772/772
f 772/772/772 838/838/838 784/784/784
f 734/734/734 772/772/772 735/735/735
f 734/734/734 838/838/838 772/772/772
f 838/838/838 734/734/734 836/836/836
f 734/734/734 834/834/834 836/836/836
f 732/732/732 734/734/734 735/735/735
f 834/834/834 734/734/734 731/731/731
f 732/732/732 731/731/731 734/734/734
f 731/731/731 732/732/732 733/733/733
f 680/680/680 681/681/681 679/679/679
f 681/681/681 683/683/683 682/682/682
f 198/198/198 679/679/679 681/681/681
f 679/679/679 198/198/198 200/200/200
f 198/198/198 199/199/199 200/200/200
f 681/681/681 682/682/682 202/202/202
f 198/198/198 681/681/681 202/202/202
f 643/643/643 202/202/202 682/682/682
f 199/199/199 198/198/198 201/201/201
f 202/202/202 201/201/201 198/198/198
f 201/201/201 196/196/196 199/199/199
f 202/202/202 643/643/643 156/156/156
f 196/196/196 201/201/201 195/195/195
f 195/195/195 194/194/194 196/196/196
f 201/201/201 202/202/202 203/203/203
f 203/203/203 195/195/195 201/201/201
f 202/202/202 156/156/156 157/157/157
f 157/157/157 203/203/203 202/202/202
f 150/150/150 157/157/157 156/156/156
f 157/157/157 150/150/150 147/147/147
f 147/147/147 150/150/150 144/144/144
f 144/144/144 146/146/146 147/147/147
f 147/147/147 148/148/148 157/157/157
f 203/203/203 157/157/157 148/148/148
f 149/149/149 147/147/147 146/146/146
f 148/148/148 147/147/147 149/149/149
f 146/146/146 49/49/49 149/149/149
f 148/148/148 197/197/197 203/203/203
f 195/195/195 203/203/203 197/197/197
f 149/149/149 193/193/193 148/148/148
f 197/197/197 148/148/148 193/193/193
f 339/339/339 149/149/149 49/49/49
f 193/193/193 149/149/149 339/339/339
f 49/49/49 51/51/51 339/339/339
f 193/193/193 114/114/114 197/197/197
f 195/195/195 197/197/197 114/114/114
f 339/339/339 112/112/112 193/193/193
f 114/114/114 193/193/193 112/112/112
f 338/338/338 339/339/339 51/51/51
f 112/112/112 339/339/339 338/338/338
f 338/338/338 51/51/51 53/53/53
f 114/114/114 109/109/109 195/195/195
f 194/194/194 195/195/195 109/109/109
f 109/109/109 107/107/107 194/194/194
f 109/109/109 114/114/114 113/113/113
f 112/112/112 113/113/113 114/114/114
f 107/107/107 109/109/109 105/105/105
f 113/113/113 105/105/105 109/109/109
f 105/105/105 106/106/106 107/107/107
f 113/113/113 112/112/112 337/337/337
f 338/338/338 337/337/337 112/112/112
f 105/105/105 113/113/113 334/334/334
f 337/337/337 334/334/334 113/113/113
f 106/106/106 105/105/105 108/108/108
f 334/334/334 108/108/108 105/105/105
f 108/108/108 97/97/97 106/106/106
f 97/97/97 108/108/108 110/110/110
f 108/108/108 334/334/334 111/111/111
f 111/111/111 110/110/110 108/108/108
f 97/97/97 110/110/110 98/98/98
f 111/111/111 98/98/98 110/110/110
f 97/97/97 98/98/98 99/99/99
f 98/98/98 58/58/58 99/99/99
f 98/98/98 111/111/111 332/332/332
f 333/333/333 111/111/111 334/334/334
f 334/334/334 337/337/337 333/333/333
f 335/335/335 111/111/111 333/333/333
f 333/333/333 340/340/340 335/335/335
f 104/104/104 98/98/98 332/332/332
f 58/58/58 98/98/98 104/104/104
f 332/332/332 330/330/330 104/104/104
f 58/58/58 104/104/104 47/47/47
f 330/330/330 47/47/47 104/104/104
f 47/47/47 330/330/330 329/329/329
f 328/328/328 47/47/47 329/329/329
f 47/47/47 46/46/46 58/58/58
f 47/47/47 328/328/328 45/45/45
f 45/45/45 46/46/46 47/47/47
f 45/45/45 56/56/56 46/46/46
f 336/336/336 340/340/340 333/333/333
f 340/340/340 336/336/336 343/343/343
f 336/336/336 333/333/333 337/337/337
f 53/53/53 343/343/343 336/336/336
f 337/337/337 338/338/338 336/336/336
f 336/336/336 338/338/338 53/53/53
f 698/698/698 690/690/690 711/711/711
f 710/710/710 698/698/698 711/711/711
f 710/710/710 711/711/711 744/744/744
f 710/710/710 744/744/744 745/745/745
f 744/744/744 755/755/755 745/745/745
f 745/745/745 755/755/755 759/759/759
f 768/768/768 759/759/759 755/755/755
f 760/760/760 759/759/759 768/768/768
f 759/759/759 760/760/760 746/746/746
f 747/747/747 746/746/746 760/760/760
f 746/746/746 747/747/747 742/742/742
f 743/743/743 742/742/742 747/747/747
f 742/742/742 743/743/743 704/704/704
f 691/691/691 704/704/704 743/743/743
f 704/704/704 691/691/691 689/689/689
f 686/686/686 689/689/689 691/691/691
f 689/689/689 686/686/686 670/670/670
f 671/671/671 670/670/670 686/686/686
f 670/670/670 671/671/671 655/655/655
f 656/656/656 655/655/655 671/671/671
f 655/655/655 656/656/656 610/610/610
f 181/181/181 610/610/610 656/656/656
f 610/610/610 181/181/181 183/183/183
f 181/181/181 182/182/182 183/183/183
f 182/182/182 181/181/181 185/185/185
f 185/185/185 168/168/168 182/182/182
f 168/168/168 185/185/185 166/166/166
f 166/166/166 167/167/167 168/168/168
f 167/167/167 166/166/166 192/192/192
f 192/192/192 33/33/33 167/167/167
f 33/33/33 192/192/192 31/31/31
f 31/31/31 32/32/32 33/33/33
f 32/32/32 31/31/31 81/81/81
f 81/81/81 82/82/82 32/32/32
f 82/82/82 81/81/81 70/70/70
f 82/82/82 70/70/70 68/68/68
f 67/67/67 68/68/68 70/70/70
f 67/67/67 64/64/64 68/68/68
f 101/101/101 102/102/102 103/103/103
f 204/204/204 205/205/205 206/206/206
f 216/216/216 206/206/206 205/205/205
f 206/206/206 216/216/216 217/217/217
f 254/254/254 217/217/217 216/216/216
f 217/217/217 254/254/254 256/256/256
f 256/256/256 254/254/254 253/253/253
f 253/253/253 254/254/254 255/255/255
f 253/253/253 255/255/255 259/259/259
f 259/259/259 255/255/255 260/260/260
f 257/257/257 255/255/255 254/254/254
f 255/255/255 257/257/257 260/260/260
f 259/259/259 260/260/260 261/261/261
f 258/258/258 254/254/254 216/216/216
f 254/254/254 258/258/258 257/257/257
f 216/216/216 220/220/220 258/258/258
f 205/205/205 220/220/220 216/216/216
f 271/271/271 257/257/257 258/258/258
f 220/220/220 271/271/271 258/258/258
f 261/261/261 260/260/260 350/350/350
f 261/261/261 350/350/350 483/483/483
f 260/260/260 257/257/257 268/268/268
f 483/483/483 350/350/350 482/482/482
f 483/483/483 482/482/482 486/486/486
f 260/260/260 267/267/267 350/350/350
f 267/267/267 260/260/260 268/268/268
f 350/350/350 481/481/481 482/482/482
f 481/481/481 350/350/350 267/267/267
f 486/486/486 482/482/482 487/487/487
f 487/487/487 493/493/493 486/486/486
f 484/484/484 482/482/482 481/481/481
f 482/482/482 484/484/484 487/487/487
f 277/277/277 481/481/481 267/267/267
f 485/485/485 484/484/484 481/481/481
f 481/481/481 277/277/277 485/485/485
f 267/267/267 274/274/274 277/277/277
f 274/274/274 267/267/267 268/268/268
f 493/493/493 487/487/487 489/489/489
f 268/268/268 273/273/273 274/274/274
f 273/273/273 268/268/268 257/257/257
f 257/257/257 271/271/271 273/273/273
f 487/487/487 488/488/488 489/489/489
f 488/488/488 487/487/487 484/484/484
f 491/491/491 493/493/493 489/489/489
f 493/493/493 491/491/491 496/496/496
f 490/490/490 489/489/489 488/488/488
f 489/489/489 490/490/490 491/491/491
f 498/498/498 488/488/488 484/484/484
f 484/484/484 485/485/485 498/498/498
f 497/497/497 496/496/496 491/491/491
f 496/496/496 497/497/497 514/514/514
f 512/512/512 514/514/514 497/497/497
f 491/491/491 492/492/492 497/497/497
f 492/492/492 491/491/491 490/490/490
f 512/512/512 497/497/497 513/513/513
f 497/497/497 492/492/492 513/513/513
f 513/513/513 517/517/517 512/512/512
f 517/517/517 513/513/513 516/516/516
f 513/513/513 492/492/492 515/515/515
f 513/513/513 515/515/515 516/516/516
f 517/517/517 516/516/516 518/518/518
f 492/492/492 533/533/533 515/515/515
f 490/490/490 501/501/501 492/492/492
f 533/533/533 492/492/492 501/501/501
f 501/501/501 490/490/490 502/502/502
f 534/534/534 515/515/515 533/533/533
f 516/516/516 515/515/515 520/520/520
f 515/515/515 534/534/534 520/520/520
f 516/516/516 520/520/520 519/519/519
f 518/518/518 516/516/516 519/519/519
f 537/537/537 520/520/520 534/534/534
f 526/526/526 518/518/518 519/519/519
f 520/520/520 537/537/537 521/521/521
f 519/519/519 520/520/520 521/521/521
f 532/532/532 521/521/521 537/537/537
f 522/522/522 519/519/519 521/521/521
f 521/521/521 532/532/532 522/522/522
f 519/519/519 522/522/522 526/526/526
f 534/534/534 538/538/538 537/537/537
f 538/538/538 532/532/532 537/537/537
f 531/531/531 522/522/522 532/532/532
f 522/522/522 531/531/531 529/529/529
f 529/529/529 526/526/526 522/522/522
f 532/532/532 542/542/542 531/531/531
f 526/526/526 529/529/529 530/530/530
f 544/544/544 526/526/526 530/530/530
f 526/526/526 544/544/544 527/527/527
f 518/518/518 526/526/526 527/527/527
f 554/554/554 527/527/527 544/544/544
f 527/527/527 528/528/528 518/518/518
f 527/527/527 554/554/554 546/546/546
f 527/527/527 546/546/546 528/528/528
f 546/546/546 554/554/554 555/555/555
f 528/528/528 546/546/546 547/547/547
f 546/546/546 555/555/555 552/552/552
f 552/552/552 547/547/547 546/546/546
f 555/555/555 553/553/553 552/552/552
f 553/553/553 547/547/547 552/552/552
f 553/553/553 555/555/555 559/559/559
f 547/547/547 553/553/553 424/424/424
f 425/425/425 424/424/424 553/553/553
f 553/553/553 559/559/559 425/425/425
f 424/424/424 425/425/425 426/426/426
f 425/425/425 559/559/559 470/470/470
f 470/470/470 426/426/426 425/425/425
f 560/560/560 470/470/470 559/559/559
f 426/426/426 470/470/470 471/471/471
f 470/470/470 560/560/560 479/479/479
f 479/479/479 471/471/471 470/470/470
f 561/561/561 479/479/479 560/560/560
f 471/471/471 479/479/479 476/476/476
f 477/477/477 476/476/476 479/479/479
f 479/479/479 561/561/561 477/477/477
f 476/476/476 477/477/477 478/478/478
f 478/478/478 477/477/477 978/978/978
f 477/477/477 561/561/561 979/979/979
f 978/978/978 477/477/477 979/979/979
f 979/979/979 561/561/561 1050/1050/1050
f 978/978/978 979/979/979 980/980/980
f 979/979/979 1050/1050/1050 981/981/981
f 980/980/980 979/979/979 981/981/981
f 1050/1050/1050 1051/1051/1051 981/981/981
f 981/981/981 988/988/988 980/980/980
f 988/988/988 981/981/981 1032/1032/1032
f 981/981/981 1051/1051/1051 1032/1032/1032
f 1032/1032/1032 1033/1033/1033 988/988/988
f 1051/1051/1051 1041/1041/1041 1032/1032/1032
f 1033/1033/1033 1032/1032/1032 1041/1041/1041
f 1052/1052/1052 1041/1041/1041 1051/1051/1051
f 1041/1041/1041 1056/1056/1056 1033/1033/1033
f 1041/1041/1041 1052/1052/1052 1053/1053/1053
f 1056/1056/1056 1041/1041/1041 1053/1053/1053
f 1052/1052/1052 1055/1055/1055 1053/1053/1053
f 1055/1055/1055 1056/1056/1056 1053/1053/1053
f 1055/1055/1055 1052/1052/1052 1066/1066/1066
f 1056/1056/1056 1055/1055/1055 1064/1064/1064
f 1066/1066/1066 1065/1065/1065 1055/1055/1055
f 1065/1065/1065 1064/1064/1064 1055/1055/1055
f 1065/1065/1065 1066/1066/1066 1083/1083/1083
f 1144/1144/1144 1064/1064/1064 1065/1065/1065
f 1083/1083/1083 1084/1084/1084 1065/1065/1065
f 1084/1084/1084 1144/1144/1144 1065/1065/1065
f 1084/1084/1084 1083/1083/1083 1094/1094/1094
f 1149/1149/1149 1084/1084/1084 1094/1094/1094
f 1084/1084/1084 1149/1149/1149 1148/1148/1148
f 1148/1148/1148 1149/1149/1149 1114/1114/1114
f 1144/1144/1144 1084/1084/1084 1147/1147/1147
f 1084/1084/1084 1148/1148/1148 1147/1147/1147
f 1145/1145/1145 1144/1144/1144 1147/1147/1147
f 1144/1144/1144 1145/1145/1145 1146/1146/1146
f 1148/1148/1148 1114/1114/1114 1113/1113/1113
f 1068/1068/1068 1113/1113/1113 1114/1114/1114
f 1148/1148/1148 1150/1150/1150 1147/1147/1147
f 1113/1113/1113 1150/1150/1150 1148/1148/1148
f 1147/1147/1147 1155/1155/1155 1145/1145/1145
f 1155/1155/1155 1147/1147/1147 1150/1150/1150
f 1153/1153/1153 1146/1146/1146 1145/1145/1145
f 1146/1146/1146 1153/1153/1153 1151/1151/1151
f 1145/1145/1145 1155/1155/1155 1154/1154/1154
f 1154/1154/1154 1153/1153/1153 1145/1145/1145
f 1150/1150/1150 1159/1159/1159 1155/1155/1155
f 1150/1150/1150 1113/1113/1113 1159/1159/1159
f 1155/1155/1155 1160/1160/1160 1154/1154/1154
f 1155/1155/1155 1159/1159/1159 1160/1160/1160
f 1130/1130/1130 1153/1153/1153 1154/1154/1154
f 1124/1124/1124 1151/1151/1151 1153/1153/1153
f 1153/1153/1153 1130/1130/1130 1124/1124/1124
f 1151/1151/1151 1124/1124/1124 1152/1152/1152
f 1152/1152/1152 1124/1124/1124 1121/1121/1121
f 1121/1121/1121 1124/1124/1124 1122/1122/1122
f 1124/1124/1124 1130/1130/1130 1122/1122/1122
f 1120/1120/1120 1121/1121/1121 1122/1122/1122
f 1154/1154/1154 1161/1161/1161 1130/1130/1130
f 1154/1154/1154 1160/1160/1160 1161/1161/1161
f 1122/1122/1122 1130/1130/1130 1128/1128/1128
f 1120/1120/1120 1122/1122/1122 1125/1125/1125
f 1125/1125/1125 1122/1122/1122 1128/1128/1128
f 1123/1123/1123 1120/1120/1120 1125/1125/1125
f 1120/1120/1120 1123/1123/1123 1117/1117/1117
f 1125/1125/1125 1129/1129/1129 1123/1123/1123
f 1125/1125/1125 1128/1128/1128 1129/1129/1129
f 1118/1118/1118 1117/1117/1117 1123/1123/1123
f 1117/1117/1117 1118/1118/1118 1119/1119/1119
f 1123/1123/1123 1129/1129/1129 1127/1127/1127
f 1127/1127/1127 1118/1118/1118 1123/1123/1123
f 1128/1128/1128 1138/1138/1138 1129/1129/1129
f 908/908/908 1119/1119/1119 1118/1118/1118
f 1119/1119/1119 908/908/908 906/906/906
f 1118/1118/1118 1127/1127/1127 1126/1126/1126
f 1118/1118/1118 1126/1126/1126 908/908/908
f 1129/1129/1129 1134/1134/1134 1127/1127/1127
f 1134/1134/1134 1129/1129/1129 1138/1138/1138
f 907/907/907 906/906/906 908/908/908
f 1131/1131/1131 1127/1127/1127 1134/1134/1134
f 1127/1127/1127 1131/1131/1131 1126/1126/1126
f 906/906/906 907/907/907 904/904/904
f 908/908/908 1126/1126/1126 909/909/909
f 909/909/909 907/907/907 908/908/908
f 28/28/28 29/29/29 30/30/30
f 30/30/30 29/29/29 191/191/191
f 29/29/29 28/28/28 60/60/60
f 164/164/164 30/30/30 191/191/191
f 59/59/59 60/60/60 28/28/28
f 164/164/164 191/191/191 165/165/165
f 60/60/60 59/59/59 69/69/69
f 163/163/163 164/164/164 165/165/165
f 66/66/66 69/69/69 59/59/59
f 184/184/184 163/163/163 165/165/165
f 66/66/66 65/65/65 69/69/69
f 163/163/163 184/184/184 178/178/178
f 64/64/64 65/65/65 66/66/66
f 65/65/65 64/64/64 100/100/100
f 179/179/179 178/178/178 184/184/184
f 178/178/178 179/179/179 180/180/180
f 654/654/654 180/180/180 179/179/179
f 654/654/654 179/179/179 658/658/658
f 657/657/657 654/654/654 658/658/658
f 658/658/658 672/672/672 657/657/657
f 657/657/657 672/672/672 673/673/673
f 673/673/673 672/672/672 687/687/687
f 673/673/673 687/687/687 688/688/688
f 688/688/688 687/687/687 690/690/690
f 698/698/698 688/688/688 690/690/690
f 34/34/34 35/35/35 36/36/36
f 50/50/50 35/35/35 34/34/34
f 35/35/35 50/50/50 141/141/141
f 36/36/36 52/52/52 34/34/34
f 52/52/52 36/36/36 57/57/57
f 57/57/57 54/54/54 52/52/52
f 53/53/53 52/52/52 54/54/54
f 142/142/142 141/141/141 50/50/50
f 141/141/141 142/142/142 138/138/138
f 52/52/52 53/53/53 51/51/51
f 51/51/51 34/34/34 52/52/52
f 49/49/49 50/50/50 34/34/34
f 34/34/34 51/51/51 49/49/49
f 146/146/146 142/142/142 50/50/50
f 50/50/50 49/49/49 146/146/146
f 138/138/138 142/142/142 136/136/136
f 136/136/136 137/137/137 138/138/138
f 142/142/142 146/146/146 144/144/144
f 144/144/144 136/136/136 142/142/142
f 137/137/137 136/136/136 139/139/139
f 139/139/139 140/140/140 137/137/137
f 136/136/136 144/144/144 153/153/153
f 153/153/153 139/139/139 136/136/136
f 139/139/139 622/622/622 140/140/140
f 139/139/139 153/153/153 154/154/154
f 622/622/622 139/139/139 623/623/623
f 623/623/623 624/624/624 622/622/622
f 139/139/139 154/154/154 639/639/639
f 623/623/623 139/139/139 639/639/639
f 154/154/154 153/153/153 155/155/155
f 155/155/155 639/639/639 154/154/154
f 150/150/150 155/155/155 153/153/153
f 150/150/150 153/153/153 144/144/144
f 636/636/636 624/624/624 623/623/623
f 636/636/636 637/637/637 624/624/624
f 623/623/623 639/639/639 641/641/641
f 641/641/641 636/636/636 623/623/623
f 639/639/639 155/155/155 642/642/642
f 642/642/642 641/641/641 639/639/639
f 156/156/156 155/155/155 150/150/150
f 156/156/156 642/642/642 155/155/155
f 637/637/637 636/636/636 647/647/647
f 647/647/647 649/649/649 637/637/637
f 636/636/636 641/641/641 646/646/646
f 646/646/646 647/647/647 636/636/636
f 641/641/641 642/642/642 644/644/644
f 644/644/644 646/646/646 641/641/641
f 642/642/642 156/156/156 643/643/643
f 643/643/643 644/644/644 642/642/642
f 649/649/649 647/647/647 708/708/708
f 708/708/708 709/709/709 649/649/649
f 647/647/647 646/646/646 650/650/650
f 650/650/650 708/708/708 647/647/647